image_path,label,group,source,label_file
dataset_grupo_8_reescalado/esp/esp_0591.png,1,dataset_grupo_8_reescalado,esp,dataset_grupo_8_reescalado/esp/etiquetas.txt
dataset_grupo_8_reescalado/esp/esp_0214.png,0,dataset_grupo_8_reescalado,esp,dataset_grupo_8_reescalado/esp/etiquetas.txt
dataset_grupo_4_reescalado/esp/capture_20260422_202307_329845.jpg,0,dataset_grupo_4_reescalado,esp,dataset_grupo_4_reescalado/esp/etiquetas.txt
dataset_grupo_6_reescalado/esp/esp_32_7.jpg,1,dataset_grupo_6_reescalado,esp,dataset_grupo_6_reescalado/esp/etiquetas.txt
dataset_grupo_8_reescalado/esp/esp_0062.png,0,dataset_grupo_8_reescalado,esp,dataset_grupo_8_reescalado/esp/etiquetas.txt
dataset_grupo_8_reescalado/esp/esp_0581.png,1,dataset_grupo_8_reescalado,esp,dataset_grupo_8_reescalado/esp/etiquetas.txt
dataset_grupo_8_reescalado/esp/esp_0485.png,0,dataset_grupo_8_reescalado,esp,dataset_grupo_8_reescalado/esp/etiquetas.txt
dataset_grupo_8_reescalado/esp/esp_0531.png,1,dataset_grupo_8_reescalado,esp,dataset_grupo_8_reescalado/esp/etiquetas.txt
dataset_grupo_6_reescalado/esp/esp_32_117.jpg,0,dataset_grupo_6_reescalado,esp,dataset_grupo_6_reescalado/esp/etiquetas.txt
dataset_grupo_4_reescalado/esp/capture_20260422_203007_804663.jpg,1,dataset_grupo_4_reescalado,esp,dataset_grupo_4_reescalado/esp/etiquetas.txt
dataset_grupo_4_reescalado/esp/capture_20260422_202835_416610.jpg,1,dataset_grupo_4_reescalado,esp,dataset_grupo_4_reescalado/esp/etiquetas.txt
dataset_grupo_6_reescalado/esp/esp_32_135.jpg,1,dataset_grupo_6_reescalado,esp,dataset_grupo_6_reescalado/esp/etiquetas.txt
dataset_grupo_8_reescalado/esp/esp_0482.png,1,dataset_grupo_8_reescalado,esp,dataset_grupo_8_reescalado/esp/etiquetas.txt
dataset_grupo_8_reescalado/esp/esp_0508.png,0,dataset_grupo_8_reescalado,esp,dataset_grupo_8_reescalado/esp/etiquetas.txt
dataset_grupo_4_reescalado/esp/capture_20260422_202921_239819.jpg,1,dataset_grupo_4_reescalado,esp,dataset_grupo_4_reescalado/esp/etiquetas.txt
dataset_grupo_4_reescalado/esp/capture_20260422_202321_134145.jpg,0,dataset_grupo_4_reescalado,esp,dataset_grupo_4_reescalado/esp/etiquetas.txt
dataset_grupo_8_reescalado/esp/esp_0543.png,1,dataset_grupo_8_reescalado,esp,dataset_grupo_8_reescalado/esp/etiquetas.txt
dataset_grupo_6_reescalado/esp/esp_32_207.jpg,0,dataset_grupo_6_reescalado,esp,dataset_grupo_6_reescalado/esp/etiquetas.txt
dataset_grupo_8_reescalado/esp/esp_0157.png,0,dataset_grupo_8_reescalado,esp,dataset_grupo_8_reescalado/esp/etiquetas.txt
dataset_grupo_3_reescalado/esp/esp_094.jpg,1,dataset_grupo_3_reescalado,esp,dataset_grupo_3_reescalado/esp/etiquetas.txt
dataset_grupo_8_reescalado/esp/esp_0583.png,0,dataset_grupo_8_reescalado,esp,dataset_grupo_8_reescalado/esp/etiquetas.txt
dataset_grupo_4_reescalado/esp/capture_20260422_203019_240605.jpg,0,dataset_grupo_4_reescalado,esp,dataset_grupo_4_reescalado/esp/etiquetas.txt
dataset_grupo_8_reescalado/esp/esp_0437.png,1,dataset_grupo_8_reescalado,esp,dataset_grupo_8_reescalado/esp/etiquetas.txt
dataset_grupo_8_reescalado/esp/esp_0469.png,1,dataset_grupo_8_reescalado,esp,dataset_grupo_8_reescalado/esp/etiquetas.txt
dataset_grupo_8_reescalado/esp/esp_0172.png,0,dataset_grupo_8_reescalado,esp,dataset_grupo_8_reescalado/esp/etiquetas.txt
dataset_grupo_8_reescalado/esp/esp_0362.png,1,dataset_grupo_8_reescalado,esp,dataset_grupo_8_reescalado/esp/etiquetas.txt
dataset_grupo_6_reescalado/esp/esp_32_21.jpg,0,dataset_grupo_6_reescalado,esp,dataset_grupo_6_reescalado/esp/etiquetas.txt
dataset_grupo_4_reescalado/esp/capture_20260422_203007_460565.jpg,1,dataset_grupo_4_reescalado,esp,dataset_grupo_4_reescalado/esp/etiquetas.txt
dataset_grupo_4_reescalado/esp/capture_20260422_202757_466279.jpg,1,dataset_grupo_4_reescalado,esp,dataset_grupo_4_reescalado/esp/etiquetas.txt
dataset_grupo_4_reescalado/esp/capture_20260422_203018_108103.jpg,0,dataset_grupo_4_reescalado,esp,dataset_grupo_4_reescalado/esp/etiquetas.txt
dataset_grupo_8_reescalado/esp/esp_0332.png,1,dataset_grupo_8_reescalado,esp,dataset_grupo_8_reescalado/esp/etiquetas.txt
dataset_grupo_6_reescalado/esp/esp_32_154.jpg,1,dataset_grupo_6_reescalado,esp,dataset_grupo_6_reescalado/esp/etiquetas.txt
dataset_grupo_8_reescalado/esp/esp_0056.png,0,dataset_grupo_8_reescalado,esp,dataset_grupo_8_reescalado/esp/etiquetas.txt
dataset_grupo_8_reescalado/esp/esp_0263.png,1,dataset_grupo_8_reescalado,esp,dataset_grupo_8_reescalado/esp/etiquetas.txt
dataset_grupo_3_reescalado/esp/esp_004.jpg,1,dataset_grupo_3_reescalado,esp,dataset_grupo_3_reescalado/esp/etiquetas.txt
dataset_grupo_6_reescalado/esp/esp_32_192.jpg,0,dataset_grupo_6_reescalado,esp,dataset_grupo_6_reescalado/esp/etiquetas.txt
dataset_grupo_8_reescalado/esp/esp_0054.png,0,dataset_grupo_8_reescalado,esp,dataset_grupo_8_reescalado/esp/etiquetas.txt
dataset_grupo_8_reescalado/esp/esp_0219.png,0,dataset_grupo_8_reescalado,esp,dataset_grupo_8_reescalado/esp/etiquetas.txt
dataset_grupo_8_reescalado/esp/esp_0477.png,1,dataset_grupo_8_reescalado,esp,dataset_grupo_8_reescalado/esp/etiquetas.txt
dataset_grupo_8_reescalado/esp/esp_0052.png,0,dataset_grupo_8_reescalado,esp,dataset_grupo_8_reescalado/esp/etiquetas.txt
dataset_grupo_4_reescalado/esp/capture_20260422_201229_847026.jpg,1,dataset_grupo_4_reescalado,esp,dataset_grupo_4_reescalado/esp/etiquetas.txt
dataset_grupo_3_reescalado/esp/esp_118.jpg,1,dataset_grupo_3_reescalado,esp,dataset_grupo_3_reescalado/esp/etiquetas.txt
dataset_grupo_8_reescalado/esp/esp_0182.png,0,dataset_grupo_8_reescalado,esp,dataset_grupo_8_reescalado/esp/etiquetas.txt
dataset_grupo_4_reescalado/esp/capture_20260422_203000_376507.jpg,1,dataset_grupo_4_reescalado,esp,dataset_grupo_4_reescalado/esp/etiquetas.txt
dataset_grupo_8_reescalado/esp/esp_0326.png,1,dataset_grupo_8_reescalado,esp,dataset_grupo_8_reescalado/esp/etiquetas.txt
dataset_grupo_8_reescalado/esp/esp_0282.png,0,dataset_grupo_8_reescalado,esp,dataset_grupo_8_reescalado/esp/etiquetas.txt
dataset_grupo_4_reescalado/esp/capture_20260422_202914_170688.jpg,1,dataset_grupo_4_reescalado,esp,dataset_grupo_4_reescalado/esp/etiquetas.txt
dataset_grupo_8_reescalado/esp/esp_0569.png,1,dataset_grupo_8_reescalado,esp,dataset_grupo_8_reescalado/esp/etiquetas.txt
dataset_grupo_4_reescalado/esp/capture_20260422_202927_048546.jpg,1,dataset_grupo_4_reescalado,esp,dataset_grupo_4_reescalado/esp/etiquetas.txt
dataset_grupo_4_reescalado/esp/capture_20260422_202829_435832.jpg,1,dataset_grupo_4_reescalado,esp,dataset_grupo_4_reescalado/esp/etiquetas.txt
dataset_grupo_6_reescalado/esp/esp_32_17.jpg,0,dataset_grupo_6_reescalado,esp,dataset_grupo_6_reescalado/esp/etiquetas.txt
dataset_grupo_4_reescalado/esp/capture_20260422_202903_205955.jpg,1,dataset_grupo_4_reescalado,esp,dataset_grupo_4_reescalado/esp/etiquetas.txt
dataset_grupo_6_reescalado/esp/esp_32_38.jpg,1,dataset_grupo_6_reescalado,esp,dataset_grupo_6_reescalado/esp/etiquetas.txt
dataset_grupo_6_reescalado/esp/esp_32_107.jpg,1,dataset_grupo_6_reescalado,esp,dataset_grupo_6_reescalado/esp/etiquetas.txt
dataset_grupo_8_reescalado/esp/esp_0329.png,1,dataset_grupo_8_reescalado,esp,dataset_grupo_8_reescalado/esp/etiquetas.txt
dataset_grupo_4_reescalado/esp/capture_20260422_202908_553691.jpg,1,dataset_grupo_4_reescalado,esp,dataset_grupo_4_reescalado/esp/etiquetas.txt
dataset_grupo_4_reescalado/esp/capture_20260422_195814_570246.jpg,1,dataset_grupo_4_reescalado,esp,dataset_grupo_4_reescalado/esp/etiquetas.txt
dataset_grupo_4_reescalado/esp/capture_20260422_202925_622946.jpg,1,dataset_grupo_4_reescalado,esp,dataset_grupo_4_reescalado/esp/etiquetas.txt
dataset_grupo_8_reescalado/esp/esp_0574.png,1,dataset_grupo_8_reescalado,esp,dataset_grupo_8_reescalado/esp/etiquetas.txt
dataset_grupo_8_reescalado/esp/esp_0475.png,0,dataset_grupo_8_reescalado,esp,dataset_grupo_8_reescalado/esp/etiquetas.txt
dataset_grupo_8_reescalado/esp/esp_0064.png,0,dataset_grupo_8_reescalado,esp,dataset_grupo_8_reescalado/esp/etiquetas.txt
dataset_grupo_8_reescalado/esp/esp_0008.png,0,dataset_grupo_8_reescalado,esp,dataset_grupo_8_reescalado/esp/etiquetas.txt
dataset_grupo_8_reescalado/esp/esp_0076.png,0,dataset_grupo_8_reescalado,esp,dataset_grupo_8_reescalado/esp/etiquetas.txt
dataset_grupo_3_reescalado/esp/esp_068.jpg,1,dataset_grupo_3_reescalado,esp,dataset_grupo_3_reescalado/esp/etiquetas.txt
dataset_grupo_6_reescalado/esp/esp_32_44.jpg,1,dataset_grupo_6_reescalado,esp,dataset_grupo_6_reescalado/esp/etiquetas.txt
dataset_grupo_8_reescalado/esp/esp_0042.png,0,dataset_grupo_8_reescalado,esp,dataset_grupo_8_reescalado/esp/etiquetas.txt
dataset_grupo_8_reescalado/esp/esp_0395.png,1,dataset_grupo_8_reescalado,esp,dataset_grupo_8_reescalado/esp/etiquetas.txt
dataset_grupo_4_reescalado/esp/capture_20260422_202958_670254.jpg,1,dataset_grupo_4_reescalado,esp,dataset_grupo_4_reescalado/esp/etiquetas.txt
dataset_grupo_3_reescalado/esp/esp_089.jpg,1,dataset_grupo_3_reescalado,esp,dataset_grupo_3_reescalado/esp/etiquetas.txt
dataset_grupo_8_reescalado/esp/esp_0339.png,1,dataset_grupo_8_reescalado,esp,dataset_grupo_8_reescalado/esp/etiquetas.txt
dataset_grupo_4_reescalado/esp/capture_20260422_202313_508357.jpg,1,dataset_grupo_4_reescalado,esp,dataset_grupo_4_reescalado/esp/etiquetas.txt
dataset_grupo_4_reescalado/esp/capture_20260422_202941_247647.jpg,1,dataset_grupo_4_reescalado,esp,dataset_grupo_4_reescalado/esp/etiquetas.txt
dataset_grupo_6_reescalado/esp/esp_32_78.jpg,1,dataset_grupo_6_reescalado,esp,dataset_grupo_6_reescalado/esp/etiquetas.txt
dataset_grupo_8_reescalado/esp/esp_0266.png,1,dataset_grupo_8_reescalado,esp,dataset_grupo_8_reescalado/esp/etiquetas.txt
dataset_grupo_4_reescalado/esp/capture_20260422_202929_632775.jpg,1,dataset_grupo_4_reescalado,esp,dataset_grupo_4_reescalado/esp/etiquetas.txt
dataset_grupo_8_reescalado/esp/esp_0444.png,0,dataset_grupo_8_reescalado,esp,dataset_grupo_8_reescalado/esp/etiquetas.txt
dataset_grupo_8_reescalado/esp/esp_0429.png,1,dataset_grupo_8_reescalado,esp,dataset_grupo_8_reescalado/esp/etiquetas.txt
dataset_grupo_4_reescalado/esp/capture_20260422_202807_182993.jpg,1,dataset_grupo_4_reescalado,esp,dataset_grupo_4_reescalado/esp/etiquetas.txt
dataset_grupo_8_reescalado/esp/esp_0456.png,1,dataset_grupo_8_reescalado,esp,dataset_grupo_8_reescalado/esp/etiquetas.txt
dataset_grupo_8_reescalado/esp/esp_0336.png,1,dataset_grupo_8_reescalado,esp,dataset_grupo_8_reescalado/esp/etiquetas.txt
dataset_grupo_4_reescalado/esp/capture_20260422_202258_189407.jpg,0,dataset_grupo_4_reescalado,esp,dataset_grupo_4_reescalado/esp/etiquetas.txt
dataset_grupo_8_reescalado/esp/esp_0526.png,1,dataset_grupo_8_reescalado,esp,dataset_grupo_8_reescalado/esp/etiquetas.txt
dataset_grupo_4_reescalado/esp/capture_20260422_201219_260255.jpg,1,dataset_grupo_4_reescalado,esp,dataset_grupo_4_reescalado/esp/etiquetas.txt
dataset_grupo_8_reescalado/esp/esp_0003.png,0,dataset_grupo_8_reescalado,esp,dataset_grupo_8_reescalado/esp/etiquetas.txt
dataset_grupo_8_reescalado/esp/esp_0131.png,0,dataset_grupo_8_reescalado,esp,dataset_grupo_8_reescalado/esp/etiquetas.txt
dataset_grupo_4_reescalado/esp/capture_20260422_200904_457902.jpg,0,dataset_grupo_4_reescalado,esp,dataset_grupo_4_reescalado/esp/etiquetas.txt
dataset_grupo_8_reescalado/esp/esp_0573.png,1,dataset_grupo_8_reescalado,esp,dataset_grupo_8_reescalado/esp/etiquetas.txt
dataset_grupo_4_reescalado/esp/capture_20260422_202312_332551.jpg,1,dataset_grupo_4_reescalado,esp,dataset_grupo_4_reescalado/esp/etiquetas.txt
dataset_grupo_4_reescalado/esp/capture_20260422_203003_908371.jpg,1,dataset_grupo_4_reescalado,esp,dataset_grupo_4_reescalado/esp/etiquetas.txt
dataset_grupo_8_reescalado/esp/esp_0110.png,0,dataset_grupo_8_reescalado,esp,dataset_grupo_8_reescalado/esp/etiquetas.txt
dataset_grupo_8_reescalado/esp/esp_0548.png,1,dataset_grupo_8_reescalado,esp,dataset_grupo_8_reescalado/esp/etiquetas.txt
dataset_grupo_3_reescalado/esp/esp_017.jpg,1,dataset_grupo_3_reescalado,esp,dataset_grupo_3_reescalado/esp/etiquetas.txt
dataset_grupo_4_reescalado/esp/capture_20260422_202327_894499.jpg,1,dataset_grupo_4_reescalado,esp,dataset_grupo_4_reescalado/esp/etiquetas.txt
dataset_grupo_8_reescalado/esp/esp_0145.png,0,dataset_grupo_8_reescalado,esp,dataset_grupo_8_reescalado/esp/etiquetas.txt
dataset_grupo_8_reescalado/esp/esp_0359.png,1,dataset_grupo_8_reescalado,esp,dataset_grupo_8_reescalado/esp/etiquetas.txt
dataset_grupo_6_reescalado/esp/esp_32_165.jpg,0,dataset_grupo_6_reescalado,esp,dataset_grupo_6_reescalado/esp/etiquetas.txt
dataset_grupo_4_reescalado/esp/capture_20260422_202943_075658.jpg,0,dataset_grupo_4_reescalado,esp,dataset_grupo_4_reescalado/esp/etiquetas.txt
dataset_grupo_8_reescalado/esp/esp_0544.png,1,dataset_grupo_8_reescalado,esp,dataset_grupo_8_reescalado/esp/etiquetas.txt
dataset_grupo_8_reescalado/esp/esp_0216.png,0,dataset_grupo_8_reescalado,esp,dataset_grupo_8_reescalado/esp/etiquetas.txt
dataset_grupo_4_reescalado/esp/capture_20260422_200739_834846.jpg,1,dataset_grupo_4_reescalado,esp,dataset_grupo_4_reescalado/esp/etiquetas.txt
dataset_grupo_6_reescalado/esp/esp_32_37.jpg,1,dataset_grupo_6_reescalado,esp,dataset_grupo_6_reescalado/esp/etiquetas.txt
dataset_grupo_4_reescalado/esp/capture_20260422_195931_693912.jpg,1,dataset_grupo_4_reescalado,esp,dataset_grupo_4_reescalado/esp/etiquetas.txt
dataset_grupo_4_reescalado/esp/capture_20260422_202936_151357.jpg,1,dataset_grupo_4_reescalado,esp,dataset_grupo_4_reescalado/esp/etiquetas.txt
dataset_grupo_4_reescalado/esp/capture_20260422_201100_098685.jpg,1,dataset_grupo_4_reescalado,esp,dataset_grupo_4_reescalado/esp/etiquetas.txt
dataset_grupo_3_reescalado/esp/esp_123.jpg,1,dataset_grupo_3_reescalado,esp,dataset_grupo_3_reescalado/esp/etiquetas.txt
dataset_grupo_8_reescalado/esp/esp_0096.png,0,dataset_grupo_8_reescalado,esp,dataset_grupo_8_reescalado/esp/etiquetas.txt
dataset_grupo_4_reescalado/esp/capture_20260422_202751_079971.jpg,1,dataset_grupo_4_reescalado,esp,dataset_grupo_4_reescalado/esp/etiquetas.txt
dataset_grupo_8_reescalado/esp/esp_0061.png,0,dataset_grupo_8_reescalado,esp,dataset_grupo_8_reescalado/esp/etiquetas.txt
dataset_grupo_8_reescalado/esp/esp_0071.png,0,dataset_grupo_8_reescalado,esp,dataset_grupo_8_reescalado/esp/etiquetas.txt
dataset_grupo_8_reescalado/esp/esp_0434.png,1,dataset_grupo_8_reescalado,esp,dataset_grupo_8_reescalado/esp/etiquetas.txt
dataset_grupo_8_reescalado/esp/esp_0552.png,0,dataset_grupo_8_reescalado,esp,dataset_grupo_8_reescalado/esp/etiquetas.txt
dataset_grupo_3_reescalado/esp/esp_143.jpg,1,dataset_grupo_3_reescalado,esp,dataset_grupo_3_reescalado/esp/etiquetas.txt
dataset_grupo_4_reescalado/esp/capture_20260422_202947_520595.jpg,1,dataset_grupo_4_reescalado,esp,dataset_grupo_4_reescalado/esp/etiquetas.txt
dataset_grupo_8_reescalado/esp/esp_0019.png,0,dataset_grupo_8_reescalado,esp,dataset_grupo_8_reescalado/esp/etiquetas.txt
dataset_grupo_4_reescalado/esp/capture_20260422_200930_859832.jpg,1,dataset_grupo_4_reescalado,esp,dataset_grupo_4_reescalado/esp/etiquetas.txt
dataset_grupo_8_reescalado/esp/esp_0087.png,0,dataset_grupo_8_reescalado,esp,dataset_grupo_8_reescalado/esp/etiquetas.txt
dataset_grupo_4_reescalado/esp/capture_20260422_202312_042901.jpg,1,dataset_grupo_4_reescalado,esp,dataset_grupo_4_reescalado/esp/etiquetas.txt
dataset_grupo_8_reescalado/esp/esp_0372.png,1,dataset_grupo_8_reescalado,esp,dataset_grupo_8_reescalado/esp/etiquetas.txt
dataset_grupo_8_reescalado/esp/esp_0085.png,0,dataset_grupo_8_reescalado,esp,dataset_grupo_8_reescalado/esp/etiquetas.txt
dataset_grupo_8_reescalado/esp/esp_0571.png,1,dataset_grupo_8_reescalado,esp,dataset_grupo_8_reescalado/esp/etiquetas.txt
dataset_grupo_6_reescalado/esp/esp_32_99.jpg,0,dataset_grupo_6_reescalado,esp,dataset_grupo_6_reescalado/esp/etiquetas.txt
dataset_grupo_6_reescalado/esp/esp_32_80.jpg,1,dataset_grupo_6_reescalado,esp,dataset_grupo_6_reescalado/esp/etiquetas.txt
dataset_grupo_8_reescalado/esp/esp_0328.png,1,dataset_grupo_8_reescalado,esp,dataset_grupo_8_reescalado/esp/etiquetas.txt
dataset_grupo_8_reescalado/esp/esp_0311.png,0,dataset_grupo_8_reescalado,esp,dataset_grupo_8_reescalado/esp/etiquetas.txt
dataset_grupo_8_reescalado/esp/esp_0313.png,1,dataset_grupo_8_reescalado,esp,dataset_grupo_8_reescalado/esp/etiquetas.txt
dataset_grupo_8_reescalado/esp/esp_0545.png,0,dataset_grupo_8_reescalado,esp,dataset_grupo_8_reescalado/esp/etiquetas.txt
dataset_grupo_4_reescalado/esp/capture_20260422_202832_113120.jpg,1,dataset_grupo_4_reescalado,esp,dataset_grupo_4_reescalado/esp/etiquetas.txt
dataset_grupo_8_reescalado/esp/esp_0038.png,0,dataset_grupo_8_reescalado,esp,dataset_grupo_8_reescalado/esp/etiquetas.txt
dataset_grupo_8_reescalado/esp/esp_0547.png,1,dataset_grupo_8_reescalado,esp,dataset_grupo_8_reescalado/esp/etiquetas.txt
dataset_grupo_8_reescalado/esp/esp_0206.png,0,dataset_grupo_8_reescalado,esp,dataset_grupo_8_reescalado/esp/etiquetas.txt
dataset_grupo_8_reescalado/esp/esp_0356.png,0,dataset_grupo_8_reescalado,esp,dataset_grupo_8_reescalado/esp/etiquetas.txt
dataset_grupo_8_reescalado/esp/esp_0153.png,0,dataset_grupo_8_reescalado,esp,dataset_grupo_8_reescalado/esp/etiquetas.txt
dataset_grupo_4_reescalado/esp/capture_20260422_202952_423762.jpg,1,dataset_grupo_4_reescalado,esp,dataset_grupo_4_reescalado/esp/etiquetas.txt
dataset_grupo_4_reescalado/esp/capture_20260422_203013_912407.jpg,0,dataset_grupo_4_reescalado,esp,dataset_grupo_4_reescalado/esp/etiquetas.txt
dataset_grupo_3_reescalado/esp/esp_107.jpg,1,dataset_grupo_3_reescalado,esp,dataset_grupo_3_reescalado/esp/etiquetas.txt
dataset_grupo_8_reescalado/esp/esp_0433.png,1,dataset_grupo_8_reescalado,esp,dataset_grupo_8_reescalado/esp/etiquetas.txt
dataset_grupo_8_reescalado/esp/esp_0291.png,1,dataset_grupo_8_reescalado,esp,dataset_grupo_8_reescalado/esp/etiquetas.txt
dataset_grupo_4_reescalado/esp/capture_20260422_202952_751644.jpg,1,dataset_grupo_4_reescalado,esp,dataset_grupo_4_reescalado/esp/etiquetas.txt
dataset_grupo_8_reescalado/esp/esp_0075.png,0,dataset_grupo_8_reescalado,esp,dataset_grupo_8_reescalado/esp/etiquetas.txt
dataset_grupo_8_reescalado/esp/esp_0041.png,0,dataset_grupo_8_reescalado,esp,dataset_grupo_8_reescalado/esp/etiquetas.txt
dataset_grupo_6_reescalado/esp/esp_32_98.jpg,0,dataset_grupo_6_reescalado,esp,dataset_grupo_6_reescalado/esp/etiquetas.txt
dataset_grupo_3_reescalado/esp/esp_049.jpg,1,dataset_grupo_3_reescalado,esp,dataset_grupo_3_reescalado/esp/etiquetas.txt
dataset_grupo_8_reescalado/esp/esp_0478.png,1,dataset_grupo_8_reescalado,esp,dataset_grupo_8_reescalado/esp/etiquetas.txt
dataset_grupo_8_reescalado/esp/esp_0386.png,1,dataset_grupo_8_reescalado,esp,dataset_grupo_8_reescalado/esp/etiquetas.txt
dataset_grupo_8_reescalado/esp/esp_0365.png,1,dataset_grupo_8_reescalado,esp,dataset_grupo_8_reescalado/esp/etiquetas.txt
dataset_grupo_6_reescalado/esp/esp_32_49.jpg,0,dataset_grupo_6_reescalado,esp,dataset_grupo_6_reescalado/esp/etiquetas.txt
dataset_grupo_3_reescalado/esp/esp_062.jpg,1,dataset_grupo_3_reescalado,esp,dataset_grupo_3_reescalado/esp/etiquetas.txt
dataset_grupo_3_reescalado/esp/esp_092.jpg,1,dataset_grupo_3_reescalado,esp,dataset_grupo_3_reescalado/esp/etiquetas.txt
dataset_grupo_6_reescalado/esp/esp_32_115.jpg,0,dataset_grupo_6_reescalado,esp,dataset_grupo_6_reescalado/esp/etiquetas.txt
dataset_grupo_8_reescalado/esp/esp_0401.png,1,dataset_grupo_8_reescalado,esp,dataset_grupo_8_reescalado/esp/etiquetas.txt
dataset_grupo_8_reescalado/esp/esp_0288.png,0,dataset_grupo_8_reescalado,esp,dataset_grupo_8_reescalado/esp/etiquetas.txt
dataset_grupo_8_reescalado/esp/esp_0516.png,0,dataset_grupo_8_reescalado,esp,dataset_grupo_8_reescalado/esp/etiquetas.txt
dataset_grupo_8_reescalado/esp/esp_0505.png,1,dataset_grupo_8_reescalado,esp,dataset_grupo_8_reescalado/esp/etiquetas.txt
dataset_grupo_8_reescalado/esp/esp_0595.png,0,dataset_grupo_8_reescalado,esp,dataset_grupo_8_reescalado/esp/etiquetas.txt
dataset_grupo_8_reescalado/esp/esp_0017.png,0,dataset_grupo_8_reescalado,esp,dataset_grupo_8_reescalado/esp/etiquetas.txt
dataset_grupo_6_reescalado/esp/esp_32_108.jpg,1,dataset_grupo_6_reescalado,esp,dataset_grupo_6_reescalado/esp/etiquetas.txt
dataset_grupo_3_reescalado/esp/esp_114.jpg,1,dataset_grupo_3_reescalado,esp,dataset_grupo_3_reescalado/esp/etiquetas.txt
dataset_grupo_3_reescalado/esp/esp_102.jpg,1,dataset_grupo_3_reescalado,esp,dataset_grupo_3_reescalado/esp/etiquetas.txt
dataset_grupo_4_reescalado/esp/capture_20260422_203011_047056.jpg,1,dataset_grupo_4_reescalado,esp,dataset_grupo_4_reescalado/esp/etiquetas.txt
dataset_grupo_6_reescalado/esp/esp_32_179.jpg,0,dataset_grupo_6_reescalado,esp,dataset_grupo_6_reescalado/esp/etiquetas.txt
dataset_grupo_8_reescalado/esp/esp_0127.png,0,dataset_grupo_8_reescalado,esp,dataset_grupo_8_reescalado/esp/etiquetas.txt
dataset_grupo_8_reescalado/esp/esp_0577.png,1,dataset_grupo_8_reescalado,esp,dataset_grupo_8_reescalado/esp/etiquetas.txt
dataset_grupo_8_reescalado/esp/esp_0028.png,0,dataset_grupo_8_reescalado,esp,dataset_grupo_8_reescalado/esp/etiquetas.txt
dataset_grupo_8_reescalado/esp/esp_0068.png,1,dataset_grupo_8_reescalado,esp,dataset_grupo_8_reescalado/esp/etiquetas.txt
dataset_grupo_8_reescalado/esp/esp_0458.png,1,dataset_grupo_8_reescalado,esp,dataset_grupo_8_reescalado/esp/etiquetas.txt
dataset_grupo_8_reescalado/esp/esp_0498.png,1,dataset_grupo_8_reescalado,esp,dataset_grupo_8_reescalado/esp/etiquetas.txt
dataset_grupo_4_reescalado/esp/capture_20260422_202930_239330.jpg,1,dataset_grupo_4_reescalado,esp,dataset_grupo_4_reescalado/esp/etiquetas.txt
dataset_grupo_8_reescalado/esp/esp_0088.png,0,dataset_grupo_8_reescalado,esp,dataset_grupo_8_reescalado/esp/etiquetas.txt
dataset_grupo_8_reescalado/esp/esp_0519.png,1,dataset_grupo_8_reescalado,esp,dataset_grupo_8_reescalado/esp/etiquetas.txt
dataset_grupo_8_reescalado/esp/esp_0301.png,1,dataset_grupo_8_reescalado,esp,dataset_grupo_8_reescalado/esp/etiquetas.txt
dataset_grupo_4_reescalado/esp/capture_20260422_202237_138518.jpg,1,dataset_grupo_4_reescalado,esp,dataset_grupo_4_reescalado/esp/etiquetas.txt
dataset_grupo_8_reescalado/esp/esp_0564.png,1,dataset_grupo_8_reescalado,esp,dataset_grupo_8_reescalado/esp/etiquetas.txt
dataset_grupo_4_reescalado/esp/capture_20260422_202822_675328.jpg,0,dataset_grupo_4_reescalado,esp,dataset_grupo_4_reescalado/esp/etiquetas.txt
dataset_grupo_8_reescalado/esp/esp_0186.png,0,dataset_grupo_8_reescalado,esp,dataset_grupo_8_reescalado/esp/etiquetas.txt
dataset_grupo_4_reescalado/esp/capture_20260422_200717_135158.jpg,0,dataset_grupo_4_reescalado,esp,dataset_grupo_4_reescalado/esp/etiquetas.txt
dataset_grupo_3_reescalado/esp/esp_085.jpg,1,dataset_grupo_3_reescalado,esp,dataset_grupo_3_reescalado/esp/etiquetas.txt
dataset_grupo_8_reescalado/esp/esp_0244.png,0,dataset_grupo_8_reescalado,esp,dataset_grupo_8_reescalado/esp/etiquetas.txt
dataset_grupo_8_reescalado/esp/esp_0319.png,1,dataset_grupo_8_reescalado,esp,dataset_grupo_8_reescalado/esp/etiquetas.txt
dataset_grupo_3_reescalado/esp/esp_140.jpg,1,dataset_grupo_3_reescalado,esp,dataset_grupo_3_reescalado/esp/etiquetas.txt
dataset_grupo_4_reescalado/esp/capture_20260422_202939_534837.jpg,0,dataset_grupo_4_reescalado,esp,dataset_grupo_4_reescalado/esp/etiquetas.txt
dataset_grupo_8_reescalado/esp/esp_0207.png,0,dataset_grupo_8_reescalado,esp,dataset_grupo_8_reescalado/esp/etiquetas.txt
dataset_grupo_8_reescalado/esp/esp_0487.png,1,dataset_grupo_8_reescalado,esp,dataset_grupo_8_reescalado/esp/etiquetas.txt
dataset_grupo_8_reescalado/esp/esp_0011.png,0,dataset_grupo_8_reescalado,esp,dataset_grupo_8_reescalado/esp/etiquetas.txt
dataset_grupo_8_reescalado/esp/esp_0309.png,0,dataset_grupo_8_reescalado,esp,dataset_grupo_8_reescalado/esp/etiquetas.txt
dataset_grupo_3_reescalado/esp/esp_057.jpg,1,dataset_grupo_3_reescalado,esp,dataset_grupo_3_reescalado/esp/etiquetas.txt
dataset_grupo_8_reescalado/esp/esp_0465.png,1,dataset_grupo_8_reescalado,esp,dataset_grupo_8_reescalado/esp/etiquetas.txt
dataset_grupo_8_reescalado/esp/esp_0228.png,0,dataset_grupo_8_reescalado,esp,dataset_grupo_8_reescalado/esp/etiquetas.txt
dataset_grupo_3_reescalado/esp/esp_033.jpg,1,dataset_grupo_3_reescalado,esp,dataset_grupo_3_reescalado/esp/etiquetas.txt
dataset_grupo_4_reescalado/esp/capture_20260422_202752_547785.jpg,1,dataset_grupo_4_reescalado,esp,dataset_grupo_4_reescalado/esp/etiquetas.txt
dataset_grupo_4_reescalado/esp/capture_20260422_202821_412769.jpg,0,dataset_grupo_4_reescalado,esp,dataset_grupo_4_reescalado/esp/etiquetas.txt
dataset_grupo_8_reescalado/esp/esp_0351.png,1,dataset_grupo_8_reescalado,esp,dataset_grupo_8_reescalado/esp/etiquetas.txt
dataset_grupo_4_reescalado/esp/capture_20260422_202323_153585.jpg,1,dataset_grupo_4_reescalado,esp,dataset_grupo_4_reescalado/esp/etiquetas.txt
dataset_grupo_4_reescalado/esp/capture_20260422_200728_366184.jpg,0,dataset_grupo_4_reescalado,esp,dataset_grupo_4_reescalado/esp/etiquetas.txt
dataset_grupo_3_reescalado/esp/esp_024.jpg,1,dataset_grupo_3_reescalado,esp,dataset_grupo_3_reescalado/esp/etiquetas.txt
dataset_grupo_8_reescalado/esp/esp_0325.png,1,dataset_grupo_8_reescalado,esp,dataset_grupo_8_reescalado/esp/etiquetas.txt
dataset_grupo_4_reescalado/esp/capture_20260422_202750_450045.jpg,1,dataset_grupo_4_reescalado,esp,dataset_grupo_4_reescalado/esp/etiquetas.txt
dataset_grupo_4_reescalado/esp/capture_20260422_202920_009267.jpg,1,dataset_grupo_4_reescalado,esp,dataset_grupo_4_reescalado/esp/etiquetas.txt
dataset_grupo_4_reescalado/esp/capture_20260422_202324_055010.jpg,1,dataset_grupo_4_reescalado,esp,dataset_grupo_4_reescalado/esp/etiquetas.txt
dataset_grupo_8_reescalado/esp/esp_0347.png,1,dataset_grupo_8_reescalado,esp,dataset_grupo_8_reescalado/esp/etiquetas.txt
dataset_grupo_8_reescalado/esp/esp_0227.png,0,dataset_grupo_8_reescalado,esp,dataset_grupo_8_reescalado/esp/etiquetas.txt
dataset_grupo_8_reescalado/esp/esp_0289.png,1,dataset_grupo_8_reescalado,esp,dataset_grupo_8_reescalado/esp/etiquetas.txt
dataset_grupo_4_reescalado/esp/capture_20260422_202322_400248.jpg,1,dataset_grupo_4_reescalado,esp,dataset_grupo_4_reescalado/esp/etiquetas.txt
dataset_grupo_3_reescalado/esp/esp_120.jpg,1,dataset_grupo_3_reescalado,esp,dataset_grupo_3_reescalado/esp/etiquetas.txt
dataset_grupo_6_reescalado/esp/esp_32_65.jpg,1,dataset_grupo_6_reescalado,esp,dataset_grupo_6_reescalado/esp/etiquetas.txt
dataset_grupo_4_reescalado/esp/capture_20260422_202252_039744.jpg,0,dataset_grupo_4_reescalado,esp,dataset_grupo_4_reescalado/esp/etiquetas.txt
dataset_grupo_8_reescalado/esp/esp_0205.png,0,dataset_grupo_8_reescalado,esp,dataset_grupo_8_reescalado/esp/etiquetas.txt
dataset_grupo_8_reescalado/esp/esp_0073.png,0,dataset_grupo_8_reescalado,esp,dataset_grupo_8_reescalado/esp/etiquetas.txt
dataset_grupo_8_reescalado/esp/esp_0360.png,1,dataset_grupo_8_reescalado,esp,dataset_grupo_8_reescalado/esp/etiquetas.txt
dataset_grupo_8_reescalado/esp/esp_0378.png,1,dataset_grupo_8_reescalado,esp,dataset_grupo_8_reescalado/esp/etiquetas.txt
dataset_grupo_4_reescalado/esp/capture_20260422_202325_530099.jpg,1,dataset_grupo_4_reescalado,esp,dataset_grupo_4_reescalado/esp/etiquetas.txt
dataset_grupo_4_reescalado/esp/capture_20260422_202951_638358.jpg,1,dataset_grupo_4_reescalado,esp,dataset_grupo_4_reescalado/esp/etiquetas.txt
dataset_grupo_4_reescalado/esp/capture_20260422_195704_537632.jpg,1,dataset_grupo_4_reescalado,esp,dataset_grupo_4_reescalado/esp/etiquetas.txt
dataset_grupo_8_reescalado/esp/esp_0295.png,1,dataset_grupo_8_reescalado,esp,dataset_grupo_8_reescalado/esp/etiquetas.txt
dataset_grupo_6_reescalado/esp/esp_32_110.jpg,1,dataset_grupo_6_reescalado,esp,dataset_grupo_6_reescalado/esp/etiquetas.txt
dataset_grupo_8_reescalado/esp/esp_0226.png,0,dataset_grupo_8_reescalado,esp,dataset_grupo_8_reescalado/esp/etiquetas.txt
dataset_grupo_8_reescalado/esp/esp_0560.png,1,dataset_grupo_8_reescalado,esp,dataset_grupo_8_reescalado/esp/etiquetas.txt
dataset_grupo_8_reescalado/esp/esp_0078.png,0,dataset_grupo_8_reescalado,esp,dataset_grupo_8_reescalado/esp/etiquetas.txt
dataset_grupo_8_reescalado/esp/esp_0464.png,0,dataset_grupo_8_reescalado,esp,dataset_grupo_8_reescalado/esp/etiquetas.txt
dataset_grupo_4_reescalado/esp/capture_20260422_202904_860483.jpg,1,dataset_grupo_4_reescalado,esp,dataset_grupo_4_reescalado/esp/etiquetas.txt
dataset_grupo_6_reescalado/esp/esp_32_112.jpg,1,dataset_grupo_6_reescalado,esp,dataset_grupo_6_reescalado/esp/etiquetas.txt
dataset_grupo_8_reescalado/esp/esp_0449.png,1,dataset_grupo_8_reescalado,esp,dataset_grupo_8_reescalado/esp/etiquetas.txt
dataset_grupo_3_reescalado/esp/esp_046.jpg,1,dataset_grupo_3_reescalado,esp,dataset_grupo_3_reescalado/esp/etiquetas.txt
dataset_grupo_4_reescalado/esp/capture_20260422_202242_145198.jpg,1,dataset_grupo_4_reescalado,esp,dataset_grupo_4_reescalado/esp/etiquetas.txt
dataset_grupo_4_reescalado/esp/capture_20260422_201203_952254.jpg,1,dataset_grupo_4_reescalado,esp,dataset_grupo_4_reescalado/esp/etiquetas.txt
dataset_grupo_8_reescalado/esp/esp_0109.png,0,dataset_grupo_8_reescalado,esp,dataset_grupo_8_reescalado/esp/etiquetas.txt
dataset_grupo_8_reescalado/esp/esp_0193.png,0,dataset_grupo_8_reescalado,esp,dataset_grupo_8_reescalado/esp/etiquetas.txt
dataset_grupo_8_reescalado/esp/esp_0128.png,0,dataset_grupo_8_reescalado,esp,dataset_grupo_8_reescalado/esp/etiquetas.txt
dataset_grupo_4_reescalado/esp/capture_20260422_195653_389077.jpg,1,dataset_grupo_4_reescalado,esp,dataset_grupo_4_reescalado/esp/etiquetas.txt
dataset_grupo_4_reescalado/esp/capture_20260422_201028_526786.jpg,1,dataset_grupo_4_reescalado,esp,dataset_grupo_4_reescalado/esp/etiquetas.txt
dataset_grupo_3_reescalado/esp/esp_139.jpg,1,dataset_grupo_3_reescalado,esp,dataset_grupo_3_reescalado/esp/etiquetas.txt
dataset_grupo_3_reescalado/esp/esp_070.jpg,1,dataset_grupo_3_reescalado,esp,dataset_grupo_3_reescalado/esp/etiquetas.txt
dataset_grupo_3_reescalado/esp/esp_054.jpg,1,dataset_grupo_3_reescalado,esp,dataset_grupo_3_reescalado/esp/etiquetas.txt
dataset_grupo_8_reescalado/esp/esp_0023.png,0,dataset_grupo_8_reescalado,esp,dataset_grupo_8_reescalado/esp/etiquetas.txt
dataset_grupo_3_reescalado/esp/esp_040.jpg,1,dataset_grupo_3_reescalado,esp,dataset_grupo_3_reescalado/esp/etiquetas.txt
dataset_grupo_4_reescalado/esp/capture_20260422_200655_747592.jpg,0,dataset_grupo_4_reescalado,esp,dataset_grupo_4_reescalado/esp/etiquetas.txt
dataset_grupo_8_reescalado/esp/esp_0503.png,1,dataset_grupo_8_reescalado,esp,dataset_grupo_8_reescalado/esp/etiquetas.txt
dataset_grupo_4_reescalado/esp/capture_20260422_201105_180061.jpg,1,dataset_grupo_4_reescalado,esp,dataset_grupo_4_reescalado/esp/etiquetas.txt
dataset_grupo_6_reescalado/esp/esp_32_160.jpg,1,dataset_grupo_6_reescalado,esp,dataset_grupo_6_reescalado/esp/etiquetas.txt
dataset_grupo_8_reescalado/esp/esp_0217.png,0,dataset_grupo_8_reescalado,esp,dataset_grupo_8_reescalado/esp/etiquetas.txt
dataset_grupo_3_reescalado/esp/esp_093.jpg,1,dataset_grupo_3_reescalado,esp,dataset_grupo_3_reescalado/esp/etiquetas.txt
dataset_grupo_4_reescalado/esp/capture_20260422_202238_459281.jpg,1,dataset_grupo_4_reescalado,esp,dataset_grupo_4_reescalado/esp/etiquetas.txt
dataset_grupo_8_reescalado/esp/esp_0124.png,1,dataset_grupo_8_reescalado,esp,dataset_grupo_8_reescalado/esp/etiquetas.txt
dataset_grupo_6_reescalado/esp/esp_32_25.jpg,0,dataset_grupo_6_reescalado,esp,dataset_grupo_6_reescalado/esp/etiquetas.txt
dataset_grupo_4_reescalado/esp/capture_20260422_195859_668100.jpg,1,dataset_grupo_4_reescalado,esp,dataset_grupo_4_reescalado/esp/etiquetas.txt
dataset_grupo_4_reescalado/esp/capture_20260422_202808_106574.jpg,1,dataset_grupo_4_reescalado,esp,dataset_grupo_4_reescalado/esp/etiquetas.txt
dataset_grupo_6_reescalado/esp/esp_32_90.jpg,0,dataset_grupo_6_reescalado,esp,dataset_grupo_6_reescalado/esp/etiquetas.txt
dataset_grupo_8_reescalado/esp/esp_0055.png,0,dataset_grupo_8_reescalado,esp,dataset_grupo_8_reescalado/esp/etiquetas.txt
dataset_grupo_6_reescalado/esp/esp_32_204.jpg,1,dataset_grupo_6_reescalado,esp,dataset_grupo_6_reescalado/esp/etiquetas.txt
dataset_grupo_4_reescalado/esp/capture_20260422_202905_467582.jpg,1,dataset_grupo_4_reescalado,esp,dataset_grupo_4_reescalado/esp/etiquetas.txt
dataset_grupo_4_reescalado/esp/capture_20260422_195954_719886.jpg,1,dataset_grupo_4_reescalado,esp,dataset_grupo_4_reescalado/esp/etiquetas.txt
dataset_grupo_6_reescalado/esp/esp_32_118.jpg,0,dataset_grupo_6_reescalado,esp,dataset_grupo_6_reescalado/esp/etiquetas.txt
dataset_grupo_3_reescalado/esp/esp_008.jpg,1,dataset_grupo_3_reescalado,esp,dataset_grupo_3_reescalado/esp/etiquetas.txt
dataset_grupo_4_reescalado/esp/capture_20260422_203023_348364.jpg,1,dataset_grupo_4_reescalado,esp,dataset_grupo_4_reescalado/esp/etiquetas.txt
dataset_grupo_3_reescalado/esp/esp_061.jpg,1,dataset_grupo_3_reescalado,esp,dataset_grupo_3_reescalado/esp/etiquetas.txt
dataset_grupo_8_reescalado/esp/esp_0504.png,1,dataset_grupo_8_reescalado,esp,dataset_grupo_8_reescalado/esp/etiquetas.txt
dataset_grupo_4_reescalado/esp/capture_20260422_195914_947048.jpg,1,dataset_grupo_4_reescalado,esp,dataset_grupo_4_reescalado/esp/etiquetas.txt
dataset_grupo_8_reescalado/esp/esp_0414.png,1,dataset_grupo_8_reescalado,esp,dataset_grupo_8_reescalado/esp/etiquetas.txt
dataset_grupo_8_reescalado/esp/esp_0148.png,0,dataset_grupo_8_reescalado,esp,dataset_grupo_8_reescalado/esp/etiquetas.txt
dataset_grupo_6_reescalado/esp/esp_32_86.jpg,0,dataset_grupo_6_reescalado,esp,dataset_grupo_6_reescalado/esp/etiquetas.txt
dataset_grupo_8_reescalado/esp/esp_0012.png,0,dataset_grupo_8_reescalado,esp,dataset_grupo_8_reescalado/esp/etiquetas.txt
dataset_grupo_3_reescalado/esp/esp_006.jpg,1,dataset_grupo_3_reescalado,esp,dataset_grupo_3_reescalado/esp/etiquetas.txt
dataset_grupo_6_reescalado/esp/esp_32_184.jpg,0,dataset_grupo_6_reescalado,esp,dataset_grupo_6_reescalado/esp/etiquetas.txt
dataset_grupo_8_reescalado/esp/esp_0502.png,1,dataset_grupo_8_reescalado,esp,dataset_grupo_8_reescalado/esp/etiquetas.txt
dataset_grupo_4_reescalado/esp/capture_20260422_200822_095505.jpg,1,dataset_grupo_4_reescalado,esp,dataset_grupo_4_reescalado/esp/etiquetas.txt
dataset_grupo_4_reescalado/esp/capture_20260422_202318_754748.jpg,0,dataset_grupo_4_reescalado,esp,dataset_grupo_4_reescalado/esp/etiquetas.txt
dataset_grupo_3_reescalado/esp/esp_097.jpg,1,dataset_grupo_3_reescalado,esp,dataset_grupo_3_reescalado/esp/etiquetas.txt
dataset_grupo_4_reescalado/esp/capture_20260422_195742_856792.jpg,1,dataset_grupo_4_reescalado,esp,dataset_grupo_4_reescalado/esp/etiquetas.txt
dataset_grupo_6_reescalado/esp/esp_32_124.jpg,1,dataset_grupo_6_reescalado,esp,dataset_grupo_6_reescalado/esp/etiquetas.txt
dataset_grupo_4_reescalado/esp/capture_20260422_203006_454596.jpg,1,dataset_grupo_4_reescalado,esp,dataset_grupo_4_reescalado/esp/etiquetas.txt
dataset_grupo_4_reescalado/esp/capture_20260422_202237_843433.jpg,1,dataset_grupo_4_reescalado,esp,dataset_grupo_4_reescalado/esp/etiquetas.txt
dataset_grupo_3_reescalado/esp/esp_058.jpg,1,dataset_grupo_3_reescalado,esp,dataset_grupo_3_reescalado/esp/etiquetas.txt
dataset_grupo_8_reescalado/esp/esp_0349.png,1,dataset_grupo_8_reescalado,esp,dataset_grupo_8_reescalado/esp/etiquetas.txt
dataset_grupo_4_reescalado/esp/capture_20260422_202300_330371.jpg,0,dataset_grupo_4_reescalado,esp,dataset_grupo_4_reescalado/esp/etiquetas.txt
dataset_grupo_8_reescalado/esp/esp_0170.png,0,dataset_grupo_8_reescalado,esp,dataset_grupo_8_reescalado/esp/etiquetas.txt
dataset_grupo_4_reescalado/esp/capture_20260422_202914_471565.jpg,1,dataset_grupo_4_reescalado,esp,dataset_grupo_4_reescalado/esp/etiquetas.txt
dataset_grupo_8_reescalado/esp/esp_0534.png,1,dataset_grupo_8_reescalado,esp,dataset_grupo_8_reescalado/esp/etiquetas.txt
dataset_grupo_8_reescalado/esp/esp_0180.png,0,dataset_grupo_8_reescalado,esp,dataset_grupo_8_reescalado/esp/etiquetas.txt
dataset_grupo_8_reescalado/esp/esp_0200.png,0,dataset_grupo_8_reescalado,esp,dataset_grupo_8_reescalado/esp/etiquetas.txt
dataset_grupo_8_reescalado/esp/esp_0492.png,0,dataset_grupo_8_reescalado,esp,dataset_grupo_8_reescalado/esp/etiquetas.txt
dataset_grupo_8_reescalado/esp/esp_0225.png,0,dataset_grupo_8_reescalado,esp,dataset_grupo_8_reescalado/esp/etiquetas.txt
dataset_grupo_8_reescalado/esp/esp_0468.png,1,dataset_grupo_8_reescalado,esp,dataset_grupo_8_reescalado/esp/etiquetas.txt
dataset_grupo_8_reescalado/esp/esp_0562.png,1,dataset_grupo_8_reescalado,esp,dataset_grupo_8_reescalado/esp/etiquetas.txt
dataset_grupo_3_reescalado/esp/esp_050.jpg,1,dataset_grupo_3_reescalado,esp,dataset_grupo_3_reescalado/esp/etiquetas.txt
dataset_grupo_4_reescalado/esp/capture_20260422_202953_059200.jpg,1,dataset_grupo_4_reescalado,esp,dataset_grupo_4_reescalado/esp/etiquetas.txt
dataset_grupo_4_reescalado/esp/capture_20260422_195943_769312.jpg,1,dataset_grupo_4_reescalado,esp,dataset_grupo_4_reescalado/esp/etiquetas.txt
dataset_grupo_8_reescalado/esp/esp_0111.png,0,dataset_grupo_8_reescalado,esp,dataset_grupo_8_reescalado/esp/etiquetas.txt
dataset_grupo_8_reescalado/esp/esp_0298.png,0,dataset_grupo_8_reescalado,esp,dataset_grupo_8_reescalado/esp/etiquetas.txt
dataset_grupo_8_reescalado/esp/esp_0500.png,1,dataset_grupo_8_reescalado,esp,dataset_grupo_8_reescalado/esp/etiquetas.txt
dataset_grupo_4_reescalado/esp/capture_20260422_202835_163294.jpg,1,dataset_grupo_4_reescalado,esp,dataset_grupo_4_reescalado/esp/etiquetas.txt
dataset_grupo_4_reescalado/esp/capture_20260422_202933_824093.jpg,1,dataset_grupo_4_reescalado,esp,dataset_grupo_4_reescalado/esp/etiquetas.txt
dataset_grupo_8_reescalado/esp/esp_0159.png,0,dataset_grupo_8_reescalado,esp,dataset_grupo_8_reescalado/esp/etiquetas.txt
dataset_grupo_8_reescalado/esp/esp_0310.png,0,dataset_grupo_8_reescalado,esp,dataset_grupo_8_reescalado/esp/etiquetas.txt
dataset_grupo_8_reescalado/esp/esp_0337.png,1,dataset_grupo_8_reescalado,esp,dataset_grupo_8_reescalado/esp/etiquetas.txt
dataset_grupo_8_reescalado/esp/esp_0345.png,1,dataset_grupo_8_reescalado,esp,dataset_grupo_8_reescalado/esp/etiquetas.txt
dataset_grupo_4_reescalado/esp/capture_20260422_202818_196103.jpg,1,dataset_grupo_4_reescalado,esp,dataset_grupo_4_reescalado/esp/etiquetas.txt
dataset_grupo_6_reescalado/esp/esp_32_88.jpg,0,dataset_grupo_6_reescalado,esp,dataset_grupo_6_reescalado/esp/etiquetas.txt
dataset_grupo_6_reescalado/esp/esp_32_22.jpg,0,dataset_grupo_6_reescalado,esp,dataset_grupo_6_reescalado/esp/etiquetas.txt
dataset_grupo_3_reescalado/esp/esp_100.jpg,1,dataset_grupo_3_reescalado,esp,dataset_grupo_3_reescalado/esp/etiquetas.txt
dataset_grupo_8_reescalado/esp/esp_0410.png,1,dataset_grupo_8_reescalado,esp,dataset_grupo_8_reescalado/esp/etiquetas.txt
dataset_grupo_8_reescalado/esp/esp_0421.png,1,dataset_grupo_8_reescalado,esp,dataset_grupo_8_reescalado/esp/etiquetas.txt
dataset_grupo_3_reescalado/esp/esp_082.jpg,1,dataset_grupo_3_reescalado,esp,dataset_grupo_3_reescalado/esp/etiquetas.txt
dataset_grupo_4_reescalado/esp/capture_20260422_202831_584392.jpg,1,dataset_grupo_4_reescalado,esp,dataset_grupo_4_reescalado/esp/etiquetas.txt
dataset_grupo_8_reescalado/esp/esp_0156.png,0,dataset_grupo_8_reescalado,esp,dataset_grupo_8_reescalado/esp/etiquetas.txt
dataset_grupo_8_reescalado/esp/esp_0425.png,1,dataset_grupo_8_reescalado,esp,dataset_grupo_8_reescalado/esp/etiquetas.txt
dataset_grupo_8_reescalado/esp/esp_0419.png,1,dataset_grupo_8_reescalado,esp,dataset_grupo_8_reescalado/esp/etiquetas.txt
dataset_grupo_8_reescalado/esp/esp_0094.png,0,dataset_grupo_8_reescalado,esp,dataset_grupo_8_reescalado/esp/etiquetas.txt
dataset_grupo_8_reescalado/esp/esp_0167.png,0,dataset_grupo_8_reescalado,esp,dataset_grupo_8_reescalado/esp/etiquetas.txt
dataset_grupo_8_reescalado/esp/esp_0135.png,1,dataset_grupo_8_reescalado,esp,dataset_grupo_8_reescalado/esp/etiquetas.txt
dataset_grupo_4_reescalado/esp/capture_20260422_203021_183939.jpg,0,dataset_grupo_4_reescalado,esp,dataset_grupo_4_reescalado/esp/etiquetas.txt
dataset_grupo_4_reescalado/esp/capture_20260422_195809_468776.jpg,1,dataset_grupo_4_reescalado,esp,dataset_grupo_4_reescalado/esp/etiquetas.txt
dataset_grupo_4_reescalado/esp/capture_20260422_202324_504467.jpg,1,dataset_grupo_4_reescalado,esp,dataset_grupo_4_reescalado/esp/etiquetas.txt
dataset_grupo_4_reescalado/esp/capture_20260422_195758_477369.jpg,1,dataset_grupo_4_reescalado,esp,dataset_grupo_4_reescalado/esp/etiquetas.txt
dataset_grupo_6_reescalado/esp/esp_32_152.jpg,1,dataset_grupo_6_reescalado,esp,dataset_grupo_6_reescalado/esp/etiquetas.txt
dataset_grupo_4_reescalado/esp/capture_20260422_202905_170459.jpg,1,dataset_grupo_4_reescalado,esp,dataset_grupo_4_reescalado/esp/etiquetas.txt
dataset_grupo_8_reescalado/esp/esp_0196.png,0,dataset_grupo_8_reescalado,esp,dataset_grupo_8_reescalado/esp/etiquetas.txt
dataset_grupo_4_reescalado/esp/capture_20260422_202957_744539.jpg,0,dataset_grupo_4_reescalado,esp,dataset_grupo_4_reescalado/esp/etiquetas.txt
dataset_grupo_3_reescalado/esp/esp_079.jpg,1,dataset_grupo_3_reescalado,esp,dataset_grupo_3_reescalado/esp/etiquetas.txt
dataset_grupo_4_reescalado/esp/capture_20260422_195636_917661.jpg,1,dataset_grupo_4_reescalado,esp,dataset_grupo_4_reescalado/esp/etiquetas.txt
dataset_grupo_8_reescalado/esp/esp_0191.png,0,dataset_grupo_8_reescalado,esp,dataset_grupo_8_reescalado/esp/etiquetas.txt
dataset_grupo_6_reescalado/esp/esp_32_203.jpg,1,dataset_grupo_6_reescalado,esp,dataset_grupo_6_reescalado/esp/etiquetas.txt
dataset_grupo_6_reescalado/esp/esp_32_15.jpg,0,dataset_grupo_6_reescalado,esp,dataset_grupo_6_reescalado/esp/etiquetas.txt
dataset_grupo_4_reescalado/esp/capture_20260422_202819_809809.jpg,0,dataset_grupo_4_reescalado,esp,dataset_grupo_4_reescalado/esp/etiquetas.txt
dataset_grupo_4_reescalado/esp/capture_20260422_195853_329511.jpg,0,dataset_grupo_4_reescalado,esp,dataset_grupo_4_reescalado/esp/etiquetas.txt
dataset_grupo_8_reescalado/esp/esp_0220.png,0,dataset_grupo_8_reescalado,esp,dataset_grupo_8_reescalado/esp/etiquetas.txt
dataset_grupo_6_reescalado/esp/esp_32_23.jpg,0,dataset_grupo_6_reescalado,esp,dataset_grupo_6_reescalado/esp/etiquetas.txt
dataset_grupo_3_reescalado/esp/esp_145.jpg,1,dataset_grupo_3_reescalado,esp,dataset_grupo_3_reescalado/esp/etiquetas.txt
dataset_grupo_8_reescalado/esp/esp_0126.png,0,dataset_grupo_8_reescalado,esp,dataset_grupo_8_reescalado/esp/etiquetas.txt
dataset_grupo_4_reescalado/esp/capture_20260422_202913_255652.jpg,1,dataset_grupo_4_reescalado,esp,dataset_grupo_4_reescalado/esp/etiquetas.txt
dataset_grupo_3_reescalado/esp/esp_015.jpg,1,dataset_grupo_3_reescalado,esp,dataset_grupo_3_reescalado/esp/etiquetas.txt
dataset_grupo_4_reescalado/esp/capture_20260422_202326_762136.jpg,1,dataset_grupo_4_reescalado,esp,dataset_grupo_4_reescalado/esp/etiquetas.txt
dataset_grupo_8_reescalado/esp/esp_0528.png,1,dataset_grupo_8_reescalado,esp,dataset_grupo_8_reescalado/esp/etiquetas.txt
dataset_grupo_8_reescalado/esp/esp_0371.png,1,dataset_grupo_8_reescalado,esp,dataset_grupo_8_reescalado/esp/etiquetas.txt
dataset_grupo_4_reescalado/esp/capture_20260422_202915_377236.jpg,1,dataset_grupo_4_reescalado,esp,dataset_grupo_4_reescalado/esp/etiquetas.txt
dataset_grupo_6_reescalado/esp/esp_32_164.jpg,0,dataset_grupo_6_reescalado,esp,dataset_grupo_6_reescalado/esp/etiquetas.txt
dataset_grupo_4_reescalado/esp/capture_20260422_203002_789692.jpg,1,dataset_grupo_4_reescalado,esp,dataset_grupo_4_reescalado/esp/etiquetas.txt
dataset_grupo_4_reescalado/esp/capture_20260422_200909_608555.jpg,1,dataset_grupo_4_reescalado,esp,dataset_grupo_4_reescalado/esp/etiquetas.txt
dataset_grupo_8_reescalado/esp/esp_0286.png,0,dataset_grupo_8_reescalado,esp,dataset_grupo_8_reescalado/esp/etiquetas.txt
dataset_grupo_4_reescalado/esp/capture_20260422_202239_812646.jpg,1,dataset_grupo_4_reescalado,esp,dataset_grupo_4_reescalado/esp/etiquetas.txt
dataset_grupo_8_reescalado/esp/esp_0303.png,1,dataset_grupo_8_reescalado,esp,dataset_grupo_8_reescalado/esp/etiquetas.txt
dataset_grupo_8_reescalado/esp/esp_0323.png,1,dataset_grupo_8_reescalado,esp,dataset_grupo_8_reescalado/esp/etiquetas.txt
dataset_grupo_4_reescalado/esp/capture_20260422_202300_864156.jpg,0,dataset_grupo_4_reescalado,esp,dataset_grupo_4_reescalado/esp/etiquetas.txt
dataset_grupo_8_reescalado/esp/esp_0392.png,1,dataset_grupo_8_reescalado,esp,dataset_grupo_8_reescalado/esp/etiquetas.txt
dataset_grupo_8_reescalado/esp/esp_0294.png,1,dataset_grupo_8_reescalado,esp,dataset_grupo_8_reescalado/esp/etiquetas.txt
dataset_grupo_8_reescalado/esp/esp_0021.png,0,dataset_grupo_8_reescalado,esp,dataset_grupo_8_reescalado/esp/etiquetas.txt
dataset_grupo_6_reescalado/esp/esp_32_82.jpg,0,dataset_grupo_6_reescalado,esp,dataset_grupo_6_reescalado/esp/etiquetas.txt
dataset_grupo_8_reescalado/esp/esp_0083.png,0,dataset_grupo_8_reescalado,esp,dataset_grupo_8_reescalado/esp/etiquetas.txt
dataset_grupo_4_reescalado/esp/capture_20260422_202328_214523.jpg,1,dataset_grupo_4_reescalado,esp,dataset_grupo_4_reescalado/esp/etiquetas.txt
dataset_grupo_6_reescalado/esp/esp_32_145.jpg,0,dataset_grupo_6_reescalado,esp,dataset_grupo_6_reescalado/esp/etiquetas.txt
dataset_grupo_6_reescalado/esp/esp_32_69.jpg,0,dataset_grupo_6_reescalado,esp,dataset_grupo_6_reescalado/esp/etiquetas.txt
dataset_grupo_4_reescalado/esp/capture_20260422_203020_489648.jpg,0,dataset_grupo_4_reescalado,esp,dataset_grupo_4_reescalado/esp/etiquetas.txt
dataset_grupo_6_reescalado/esp/esp_32_4.jpg,1,dataset_grupo_6_reescalado,esp,dataset_grupo_6_reescalado/esp/etiquetas.txt
dataset_grupo_8_reescalado/esp/esp_0525.png,1,dataset_grupo_8_reescalado,esp,dataset_grupo_8_reescalado/esp/etiquetas.txt
dataset_grupo_8_reescalado/esp/esp_0390.png,1,dataset_grupo_8_reescalado,esp,dataset_grupo_8_reescalado/esp/etiquetas.txt
dataset_grupo_3_reescalado/esp/esp_110.jpg,1,dataset_grupo_3_reescalado,esp,dataset_grupo_3_reescalado/esp/etiquetas.txt
dataset_grupo_8_reescalado/esp/esp_0575.png,1,dataset_grupo_8_reescalado,esp,dataset_grupo_8_reescalado/esp/etiquetas.txt
dataset_grupo_8_reescalado/esp/esp_0566.png,1,dataset_grupo_8_reescalado,esp,dataset_grupo_8_reescalado/esp/etiquetas.txt
dataset_grupo_8_reescalado/esp/esp_0024.png,0,dataset_grupo_8_reescalado,esp,dataset_grupo_8_reescalado/esp/etiquetas.txt
dataset_grupo_8_reescalado/esp/esp_0139.png,0,dataset_grupo_8_reescalado,esp,dataset_grupo_8_reescalado/esp/etiquetas.txt
dataset_grupo_8_reescalado/esp/esp_0101.png,1,dataset_grupo_8_reescalado,esp,dataset_grupo_8_reescalado/esp/etiquetas.txt
dataset_grupo_8_reescalado/esp/esp_0004.png,0,dataset_grupo_8_reescalado,esp,dataset_grupo_8_reescalado/esp/etiquetas.txt
dataset_grupo_4_reescalado/esp/capture_20260422_195847_690692.jpg,1,dataset_grupo_4_reescalado,esp,dataset_grupo_4_reescalado/esp/etiquetas.txt
dataset_grupo_8_reescalado/esp/esp_0515.png,1,dataset_grupo_8_reescalado,esp,dataset_grupo_8_reescalado/esp/etiquetas.txt
dataset_grupo_8_reescalado/esp/esp_0593.png,0,dataset_grupo_8_reescalado,esp,dataset_grupo_8_reescalado/esp/etiquetas.txt
dataset_grupo_6_reescalado/esp/esp_32_190.jpg,0,dataset_grupo_6_reescalado,esp,dataset_grupo_6_reescalado/esp/etiquetas.txt
dataset_grupo_8_reescalado/esp/esp_0350.png,1,dataset_grupo_8_reescalado,esp,dataset_grupo_8_reescalado/esp/etiquetas.txt
dataset_grupo_8_reescalado/esp/esp_0588.png,0,dataset_grupo_8_reescalado,esp,dataset_grupo_8_reescalado/esp/etiquetas.txt
dataset_grupo_4_reescalado/esp/capture_20260422_202306_977334.jpg,0,dataset_grupo_4_reescalado,esp,dataset_grupo_4_reescalado/esp/etiquetas.txt
dataset_grupo_8_reescalado/esp/esp_0189.png,0,dataset_grupo_8_reescalado,esp,dataset_grupo_8_reescalado/esp/etiquetas.txt
dataset_grupo_4_reescalado/esp/capture_20260422_202330_664198.jpg,1,dataset_grupo_4_reescalado,esp,dataset_grupo_4_reescalado/esp/etiquetas.txt
dataset_grupo_8_reescalado/esp/esp_0556.png,1,dataset_grupo_8_reescalado,esp,dataset_grupo_8_reescalado/esp/etiquetas.txt
dataset_grupo_3_reescalado/esp/esp_038.jpg,1,dataset_grupo_3_reescalado,esp,dataset_grupo_3_reescalado/esp/etiquetas.txt
dataset_grupo_4_reescalado/esp/capture_20260422_202239_187854.jpg,1,dataset_grupo_4_reescalado,esp,dataset_grupo_4_reescalado/esp/etiquetas.txt
dataset_grupo_4_reescalado/esp/capture_20260422_200914_771250.jpg,1,dataset_grupo_4_reescalado,esp,dataset_grupo_4_reescalado/esp/etiquetas.txt
dataset_grupo_6_reescalado/esp/esp_32_61.jpg,0,dataset_grupo_6_reescalado,esp,dataset_grupo_6_reescalado/esp/etiquetas.txt
dataset_grupo_6_reescalado/esp/esp_32_59.jpg,1,dataset_grupo_6_reescalado,esp,dataset_grupo_6_reescalado/esp/etiquetas.txt
dataset_grupo_4_reescalado/esp/capture_20260422_202247_902594.jpg,0,dataset_grupo_4_reescalado,esp,dataset_grupo_4_reescalado/esp/etiquetas.txt
dataset_grupo_8_reescalado/esp/esp_0472.png,1,dataset_grupo_8_reescalado,esp,dataset_grupo_8_reescalado/esp/etiquetas.txt
dataset_grupo_4_reescalado/esp/capture_20260422_195620_260364.jpg,0,dataset_grupo_4_reescalado,esp,dataset_grupo_4_reescalado/esp/etiquetas.txt
dataset_grupo_8_reescalado/esp/esp_0118.png,0,dataset_grupo_8_reescalado,esp,dataset_grupo_8_reescalado/esp/etiquetas.txt
dataset_grupo_8_reescalado/esp/esp_0452.png,1,dataset_grupo_8_reescalado,esp,dataset_grupo_8_reescalado/esp/etiquetas.txt
dataset_grupo_8_reescalado/esp/esp_0237.png,1,dataset_grupo_8_reescalado,esp,dataset_grupo_8_reescalado/esp/etiquetas.txt
dataset_grupo_4_reescalado/esp/capture_20260422_202922_351215.jpg,1,dataset_grupo_4_reescalado,esp,dataset_grupo_4_reescalado/esp/etiquetas.txt
dataset_grupo_8_reescalado/esp/esp_0086.png,0,dataset_grupo_8_reescalado,esp,dataset_grupo_8_reescalado/esp/etiquetas.txt
dataset_grupo_8_reescalado/esp/esp_0411.png,1,dataset_grupo_8_reescalado,esp,dataset_grupo_8_reescalado/esp/etiquetas.txt
dataset_grupo_8_reescalado/esp/esp_0036.png,0,dataset_grupo_8_reescalado,esp,dataset_grupo_8_reescalado/esp/etiquetas.txt
dataset_grupo_6_reescalado/esp/esp_32_163.jpg,1,dataset_grupo_6_reescalado,esp,dataset_grupo_6_reescalado/esp/etiquetas.txt
dataset_grupo_8_reescalado/esp/esp_0184.png,0,dataset_grupo_8_reescalado,esp,dataset_grupo_8_reescalado/esp/etiquetas.txt
dataset_grupo_4_reescalado/esp/capture_20260422_202320_212682.jpg,0,dataset_grupo_4_reescalado,esp,dataset_grupo_4_reescalado/esp/etiquetas.txt
dataset_grupo_4_reescalado/esp/capture_20260422_202307_733308.jpg,0,dataset_grupo_4_reescalado,esp,dataset_grupo_4_reescalado/esp/etiquetas.txt
dataset_grupo_8_reescalado/esp/esp_0406.png,1,dataset_grupo_8_reescalado,esp,dataset_grupo_8_reescalado/esp/etiquetas.txt
dataset_grupo_8_reescalado/esp/esp_0488.png,1,dataset_grupo_8_reescalado,esp,dataset_grupo_8_reescalado/esp/etiquetas.txt
dataset_grupo_8_reescalado/esp/esp_0443.png,1,dataset_grupo_8_reescalado,esp,dataset_grupo_8_reescalado/esp/etiquetas.txt
dataset_grupo_8_reescalado/esp/esp_0173.png,0,dataset_grupo_8_reescalado,esp,dataset_grupo_8_reescalado/esp/etiquetas.txt
dataset_grupo_4_reescalado/esp/capture_20260422_202810_906732.jpg,1,dataset_grupo_4_reescalado,esp,dataset_grupo_4_reescalado/esp/etiquetas.txt
dataset_grupo_4_reescalado/esp/capture_20260422_202909_172333.jpg,1,dataset_grupo_4_reescalado,esp,dataset_grupo_4_reescalado/esp/etiquetas.txt
dataset_grupo_8_reescalado/esp/esp_0261.png,1,dataset_grupo_8_reescalado,esp,dataset_grupo_8_reescalado/esp/etiquetas.txt
dataset_grupo_8_reescalado/esp/esp_0274.png,1,dataset_grupo_8_reescalado,esp,dataset_grupo_8_reescalado/esp/etiquetas.txt
dataset_grupo_8_reescalado/esp/esp_0407.png,0,dataset_grupo_8_reescalado,esp,dataset_grupo_8_reescalado/esp/etiquetas.txt
dataset_grupo_4_reescalado/esp/capture_20260422_202834_521252.jpg,1,dataset_grupo_4_reescalado,esp,dataset_grupo_4_reescalado/esp/etiquetas.txt
dataset_grupo_8_reescalado/esp/esp_0440.png,1,dataset_grupo_8_reescalado,esp,dataset_grupo_8_reescalado/esp/etiquetas.txt
dataset_grupo_8_reescalado/esp/esp_0278.png,0,dataset_grupo_8_reescalado,esp,dataset_grupo_8_reescalado/esp/etiquetas.txt
dataset_grupo_4_reescalado/esp/capture_20260422_202909_460542.jpg,1,dataset_grupo_4_reescalado,esp,dataset_grupo_4_reescalado/esp/etiquetas.txt
dataset_grupo_3_reescalado/esp/esp_138.jpg,1,dataset_grupo_3_reescalado,esp,dataset_grupo_3_reescalado/esp/etiquetas.txt
dataset_grupo_6_reescalado/esp/esp_32_166.jpg,0,dataset_grupo_6_reescalado,esp,dataset_grupo_6_reescalado/esp/etiquetas.txt
dataset_grupo_3_reescalado/esp/esp_043.jpg,1,dataset_grupo_3_reescalado,esp,dataset_grupo_3_reescalado/esp/etiquetas.txt
dataset_grupo_6_reescalado/esp/esp_32_106.jpg,1,dataset_grupo_6_reescalado,esp,dataset_grupo_6_reescalado/esp/etiquetas.txt
dataset_grupo_6_reescalado/esp/esp_32_206.jpg,0,dataset_grupo_6_reescalado,esp,dataset_grupo_6_reescalado/esp/etiquetas.txt
dataset_grupo_3_reescalado/esp/esp_086.jpg,1,dataset_grupo_3_reescalado,esp,dataset_grupo_3_reescalado/esp/etiquetas.txt
dataset_grupo_8_reescalado/esp/esp_0020.png,0,dataset_grupo_8_reescalado,esp,dataset_grupo_8_reescalado/esp/etiquetas.txt
dataset_grupo_8_reescalado/esp/esp_0233.png,0,dataset_grupo_8_reescalado,esp,dataset_grupo_8_reescalado/esp/etiquetas.txt
dataset_grupo_3_reescalado/esp/esp_099.jpg,1,dataset_grupo_3_reescalado,esp,dataset_grupo_3_reescalado/esp/etiquetas.txt
dataset_grupo_4_reescalado/esp/capture_20260422_201142_788646.jpg,1,dataset_grupo_4_reescalado,esp,dataset_grupo_4_reescalado/esp/etiquetas.txt
dataset_grupo_6_reescalado/esp/esp_32_123.jpg,1,dataset_grupo_6_reescalado,esp,dataset_grupo_6_reescalado/esp/etiquetas.txt
dataset_grupo_6_reescalado/esp/esp_32_125.jpg,1,dataset_grupo_6_reescalado,esp,dataset_grupo_6_reescalado/esp/etiquetas.txt
dataset_grupo_4_reescalado/esp/capture_20260422_200946_519445.jpg,1,dataset_grupo_4_reescalado,esp,dataset_grupo_4_reescalado/esp/etiquetas.txt
dataset_grupo_4_reescalado/esp/capture_20260422_202813_260414.jpg,1,dataset_grupo_4_reescalado,esp,dataset_grupo_4_reescalado/esp/etiquetas.txt
dataset_grupo_6_reescalado/esp/esp_32_67.jpg,1,dataset_grupo_6_reescalado,esp,dataset_grupo_6_reescalado/esp/etiquetas.txt
dataset_grupo_8_reescalado/esp/esp_0514.png,1,dataset_grupo_8_reescalado,esp,dataset_grupo_8_reescalado/esp/etiquetas.txt
dataset_grupo_8_reescalado/esp/esp_0270.png,1,dataset_grupo_8_reescalado,esp,dataset_grupo_8_reescalado/esp/etiquetas.txt
dataset_grupo_6_reescalado/esp/esp_32_185.jpg,0,dataset_grupo_6_reescalado,esp,dataset_grupo_6_reescalado/esp/etiquetas.txt
dataset_grupo_8_reescalado/esp/esp_0147.png,0,dataset_grupo_8_reescalado,esp,dataset_grupo_8_reescalado/esp/etiquetas.txt
dataset_grupo_8_reescalado/esp/esp_0269.png,1,dataset_grupo_8_reescalado,esp,dataset_grupo_8_reescalado/esp/etiquetas.txt
dataset_grupo_8_reescalado/esp/esp_0436.png,1,dataset_grupo_8_reescalado,esp,dataset_grupo_8_reescalado/esp/etiquetas.txt
dataset_grupo_8_reescalado/esp/esp_0262.png,0,dataset_grupo_8_reescalado,esp,dataset_grupo_8_reescalado/esp/etiquetas.txt
dataset_grupo_6_reescalado/esp/esp_32_33.jpg,1,dataset_grupo_6_reescalado,esp,dataset_grupo_6_reescalado/esp/etiquetas.txt
dataset_grupo_8_reescalado/esp/esp_0100.png,0,dataset_grupo_8_reescalado,esp,dataset_grupo_8_reescalado/esp/etiquetas.txt
dataset_grupo_4_reescalado/esp/capture_20260422_202919_391701.jpg,1,dataset_grupo_4_reescalado,esp,dataset_grupo_4_reescalado/esp/etiquetas.txt
dataset_grupo_8_reescalado/esp/esp_0281.png,1,dataset_grupo_8_reescalado,esp,dataset_grupo_8_reescalado/esp/etiquetas.txt
dataset_grupo_8_reescalado/esp/esp_0272.png,1,dataset_grupo_8_reescalado,esp,dataset_grupo_8_reescalado/esp/etiquetas.txt
dataset_grupo_4_reescalado/esp/capture_20260422_203008_905817.jpg,1,dataset_grupo_4_reescalado,esp,dataset_grupo_4_reescalado/esp/etiquetas.txt
dataset_grupo_4_reescalado/esp/capture_20260422_202307_997496.jpg,1,dataset_grupo_4_reescalado,esp,dataset_grupo_4_reescalado/esp/etiquetas.txt
dataset_grupo_8_reescalado/esp/esp_0277.png,1,dataset_grupo_8_reescalado,esp,dataset_grupo_8_reescalado/esp/etiquetas.txt
dataset_grupo_4_reescalado/esp/capture_20260422_200838_103860.jpg,1,dataset_grupo_4_reescalado,esp,dataset_grupo_4_reescalado/esp/etiquetas.txt
dataset_grupo_4_reescalado/esp/capture_20260422_201023_059017.jpg,1,dataset_grupo_4_reescalado,esp,dataset_grupo_4_reescalado/esp/etiquetas.txt
dataset_grupo_8_reescalado/esp/esp_0462.png,1,dataset_grupo_8_reescalado,esp,dataset_grupo_8_reescalado/esp/etiquetas.txt
dataset_grupo_6_reescalado/esp/esp_32_182.jpg,0,dataset_grupo_6_reescalado,esp,dataset_grupo_6_reescalado/esp/etiquetas.txt
dataset_grupo_4_reescalado/esp/capture_20260422_202315_011109.jpg,1,dataset_grupo_4_reescalado,esp,dataset_grupo_4_reescalado/esp/etiquetas.txt
dataset_grupo_3_reescalado/esp/esp_071.jpg,1,dataset_grupo_3_reescalado,esp,dataset_grupo_3_reescalado/esp/etiquetas.txt
dataset_grupo_8_reescalado/esp/esp_0181.png,0,dataset_grupo_8_reescalado,esp,dataset_grupo_8_reescalado/esp/etiquetas.txt
dataset_grupo_3_reescalado/esp/esp_026.jpg,1,dataset_grupo_3_reescalado,esp,dataset_grupo_3_reescalado/esp/etiquetas.txt
dataset_grupo_8_reescalado/esp/esp_0321.png,0,dataset_grupo_8_reescalado,esp,dataset_grupo_8_reescalado/esp/etiquetas.txt
dataset_grupo_6_reescalado/esp/esp_32_39.jpg,0,dataset_grupo_6_reescalado,esp,dataset_grupo_6_reescalado/esp/etiquetas.txt
dataset_grupo_3_reescalado/esp/esp_116.jpg,1,dataset_grupo_3_reescalado,esp,dataset_grupo_3_reescalado/esp/etiquetas.txt
dataset_grupo_4_reescalado/esp/capture_20260422_200941_016451.jpg,1,dataset_grupo_4_reescalado,esp,dataset_grupo_4_reescalado/esp/etiquetas.txt
dataset_grupo_8_reescalado/esp/esp_0442.png,1,dataset_grupo_8_reescalado,esp,dataset_grupo_8_reescalado/esp/etiquetas.txt
dataset_grupo_4_reescalado/esp/capture_20260422_202302_506991.jpg,0,dataset_grupo_4_reescalado,esp,dataset_grupo_4_reescalado/esp/etiquetas.txt
dataset_grupo_8_reescalado/esp/esp_0357.png,0,dataset_grupo_8_reescalado,esp,dataset_grupo_8_reescalado/esp/etiquetas.txt
dataset_grupo_8_reescalado/esp/esp_0431.png,1,dataset_grupo_8_reescalado,esp,dataset_grupo_8_reescalado/esp/etiquetas.txt
dataset_grupo_6_reescalado/esp/esp_32_54.jpg,1,dataset_grupo_6_reescalado,esp,dataset_grupo_6_reescalado/esp/etiquetas.txt
dataset_grupo_8_reescalado/esp/esp_0297.png,0,dataset_grupo_8_reescalado,esp,dataset_grupo_8_reescalado/esp/etiquetas.txt
dataset_grupo_8_reescalado/esp/esp_0387.png,1,dataset_grupo_8_reescalado,esp,dataset_grupo_8_reescalado/esp/etiquetas.txt
dataset_grupo_4_reescalado/esp/capture_20260422_202326_456140.jpg,1,dataset_grupo_4_reescalado,esp,dataset_grupo_4_reescalado/esp/etiquetas.txt
dataset_grupo_8_reescalado/esp/esp_0140.png,0,dataset_grupo_8_reescalado,esp,dataset_grupo_8_reescalado/esp/etiquetas.txt
dataset_grupo_8_reescalado/esp/esp_0013.png,0,dataset_grupo_8_reescalado,esp,dataset_grupo_8_reescalado/esp/etiquetas.txt
dataset_grupo_4_reescalado/esp/capture_20260422_202830_145908.jpg,1,dataset_grupo_4_reescalado,esp,dataset_grupo_4_reescalado/esp/etiquetas.txt
dataset_grupo_8_reescalado/esp/esp_0416.png,1,dataset_grupo_8_reescalado,esp,dataset_grupo_8_reescalado/esp/etiquetas.txt
dataset_grupo_6_reescalado/esp/esp_32_198.jpg,0,dataset_grupo_6_reescalado,esp,dataset_grupo_6_reescalado/esp/etiquetas.txt
dataset_grupo_8_reescalado/esp/esp_0438.png,1,dataset_grupo_8_reescalado,esp,dataset_grupo_8_reescalado/esp/etiquetas.txt
dataset_grupo_6_reescalado/esp/esp_32_168.jpg,0,dataset_grupo_6_reescalado,esp,dataset_grupo_6_reescalado/esp/etiquetas.txt
dataset_grupo_8_reescalado/esp/esp_0037.png,0,dataset_grupo_8_reescalado,esp,dataset_grupo_8_reescalado/esp/etiquetas.txt
dataset_grupo_4_reescalado/esp/capture_20260422_203010_146085.jpg,1,dataset_grupo_4_reescalado,esp,dataset_grupo_4_reescalado/esp/etiquetas.txt
dataset_grupo_3_reescalado/esp/esp_075.jpg,1,dataset_grupo_3_reescalado,esp,dataset_grupo_3_reescalado/esp/etiquetas.txt
dataset_grupo_6_reescalado/esp/esp_32_66.jpg,1,dataset_grupo_6_reescalado,esp,dataset_grupo_6_reescalado/esp/etiquetas.txt
dataset_grupo_6_reescalado/esp/esp_32_186.jpg,0,dataset_grupo_6_reescalado,esp,dataset_grupo_6_reescalado/esp/etiquetas.txt
dataset_grupo_8_reescalado/esp/esp_0280.png,0,dataset_grupo_8_reescalado,esp,dataset_grupo_8_reescalado/esp/etiquetas.txt
dataset_grupo_4_reescalado/esp/capture_20260422_202824_137790.jpg,1,dataset_grupo_4_reescalado,esp,dataset_grupo_4_reescalado/esp/etiquetas.txt
dataset_grupo_4_reescalado/esp/capture_20260422_202928_652891.jpg,0,dataset_grupo_4_reescalado,esp,dataset_grupo_4_reescalado/esp/etiquetas.txt
dataset_grupo_8_reescalado/esp/esp_0151.png,0,dataset_grupo_8_reescalado,esp,dataset_grupo_8_reescalado/esp/etiquetas.txt
dataset_grupo_8_reescalado/esp/esp_0089.png,0,dataset_grupo_8_reescalado,esp,dataset_grupo_8_reescalado/esp/etiquetas.txt
dataset_grupo_8_reescalado/esp/esp_0590.png,0,dataset_grupo_8_reescalado,esp,dataset_grupo_8_reescalado/esp/etiquetas.txt
dataset_grupo_4_reescalado/esp/capture_20260422_202902_512099.jpg,1,dataset_grupo_4_reescalado,esp,dataset_grupo_4_reescalado/esp/etiquetas.txt
dataset_grupo_8_reescalado/esp/esp_0299.png,1,dataset_grupo_8_reescalado,esp,dataset_grupo_8_reescalado/esp/etiquetas.txt
dataset_grupo_4_reescalado/esp/capture_20260422_202805_548351.jpg,0,dataset_grupo_4_reescalado,esp,dataset_grupo_4_reescalado/esp/etiquetas.txt
dataset_grupo_4_reescalado/esp/capture_20260422_203009_716726.jpg,1,dataset_grupo_4_reescalado,esp,dataset_grupo_4_reescalado/esp/etiquetas.txt
dataset_grupo_8_reescalado/esp/esp_0495.png,0,dataset_grupo_8_reescalado,esp,dataset_grupo_8_reescalado/esp/etiquetas.txt
dataset_grupo_4_reescalado/esp/capture_20260422_202308_697404.jpg,1,dataset_grupo_4_reescalado,esp,dataset_grupo_4_reescalado/esp/etiquetas.txt
dataset_grupo_6_reescalado/esp/esp_32_11.jpg,0,dataset_grupo_6_reescalado,esp,dataset_grupo_6_reescalado/esp/etiquetas.txt
dataset_grupo_8_reescalado/esp/esp_0589.png,0,dataset_grupo_8_reescalado,esp,dataset_grupo_8_reescalado/esp/etiquetas.txt
dataset_grupo_4_reescalado/esp/capture_20260422_202956_844618.jpg,0,dataset_grupo_4_reescalado,esp,dataset_grupo_4_reescalado/esp/etiquetas.txt
dataset_grupo_4_reescalado/esp/capture_20260422_202756_489011.jpg,1,dataset_grupo_4_reescalado,esp,dataset_grupo_4_reescalado/esp/etiquetas.txt
dataset_grupo_3_reescalado/esp/esp_127.jpg,1,dataset_grupo_3_reescalado,esp,dataset_grupo_3_reescalado/esp/etiquetas.txt
dataset_grupo_8_reescalado/esp/esp_0454.png,1,dataset_grupo_8_reescalado,esp,dataset_grupo_8_reescalado/esp/etiquetas.txt
dataset_grupo_4_reescalado/esp/capture_20260422_202816_967139.jpg,1,dataset_grupo_4_reescalado,esp,dataset_grupo_4_reescalado/esp/etiquetas.txt
dataset_grupo_4_reescalado/esp/capture_20260422_202936_456512.jpg,1,dataset_grupo_4_reescalado,esp,dataset_grupo_4_reescalado/esp/etiquetas.txt
dataset_grupo_4_reescalado/esp/capture_20260422_202942_700702.jpg,1,dataset_grupo_4_reescalado,esp,dataset_grupo_4_reescalado/esp/etiquetas.txt
dataset_grupo_3_reescalado/esp/esp_105.jpg,1,dataset_grupo_3_reescalado,esp,dataset_grupo_3_reescalado/esp/etiquetas.txt
dataset_grupo_3_reescalado/esp/esp_029.jpg,1,dataset_grupo_3_reescalado,esp,dataset_grupo_3_reescalado/esp/etiquetas.txt
dataset_grupo_4_reescalado/esp/capture_20260422_203005_133025.jpg,1,dataset_grupo_4_reescalado,esp,dataset_grupo_4_reescalado/esp/etiquetas.txt
dataset_grupo_6_reescalado/esp/esp_32_175.jpg,0,dataset_grupo_6_reescalado,esp,dataset_grupo_6_reescalado/esp/etiquetas.txt
dataset_grupo_3_reescalado/esp/esp_104.jpg,1,dataset_grupo_3_reescalado,esp,dataset_grupo_3_reescalado/esp/etiquetas.txt
dataset_grupo_8_reescalado/esp/esp_0402.png,1,dataset_grupo_8_reescalado,esp,dataset_grupo_8_reescalado/esp/etiquetas.txt
dataset_grupo_4_reescalado/esp/capture_20260422_202759_862025.jpg,1,dataset_grupo_4_reescalado,esp,dataset_grupo_4_reescalado/esp/etiquetas.txt
dataset_grupo_4_reescalado/esp/capture_20260422_202809_275802.jpg,1,dataset_grupo_4_reescalado,esp,dataset_grupo_4_reescalado/esp/etiquetas.txt
dataset_grupo_8_reescalado/esp/esp_0044.png,0,dataset_grupo_8_reescalado,esp,dataset_grupo_8_reescalado/esp/etiquetas.txt
dataset_grupo_8_reescalado/esp/esp_0335.png,0,dataset_grupo_8_reescalado,esp,dataset_grupo_8_reescalado/esp/etiquetas.txt
dataset_grupo_4_reescalado/esp/capture_20260422_202329_138316.jpg,1,dataset_grupo_4_reescalado,esp,dataset_grupo_4_reescalado/esp/etiquetas.txt
dataset_grupo_6_reescalado/esp/esp_32_50.jpg,0,dataset_grupo_6_reescalado,esp,dataset_grupo_6_reescalado/esp/etiquetas.txt
dataset_grupo_8_reescalado/esp/esp_0177.png,0,dataset_grupo_8_reescalado,esp,dataset_grupo_8_reescalado/esp/etiquetas.txt
dataset_grupo_4_reescalado/esp/capture_20260422_202314_459845.jpg,1,dataset_grupo_4_reescalado,esp,dataset_grupo_4_reescalado/esp/etiquetas.txt
dataset_grupo_4_reescalado/esp/capture_20260422_202308_440170.jpg,1,dataset_grupo_4_reescalado,esp,dataset_grupo_4_reescalado/esp/etiquetas.txt
dataset_grupo_8_reescalado/esp/esp_0241.png,0,dataset_grupo_8_reescalado,esp,dataset_grupo_8_reescalado/esp/etiquetas.txt
dataset_grupo_8_reescalado/esp/esp_0524.png,1,dataset_grupo_8_reescalado,esp,dataset_grupo_8_reescalado/esp/etiquetas.txt
dataset_grupo_8_reescalado/esp/esp_0065.png,0,dataset_grupo_8_reescalado,esp,dataset_grupo_8_reescalado/esp/etiquetas.txt
dataset_grupo_4_reescalado/esp/capture_20260422_203018_543065.jpg,0,dataset_grupo_4_reescalado,esp,dataset_grupo_4_reescalado/esp/etiquetas.txt
dataset_grupo_8_reescalado/esp/esp_0084.png,0,dataset_grupo_8_reescalado,esp,dataset_grupo_8_reescalado/esp/etiquetas.txt
dataset_grupo_4_reescalado/esp/capture_20260422_202327_411984.jpg,1,dataset_grupo_4_reescalado,esp,dataset_grupo_4_reescalado/esp/etiquetas.txt
dataset_grupo_4_reescalado/esp/capture_20260422_202934_434131.jpg,1,dataset_grupo_4_reescalado,esp,dataset_grupo_4_reescalado/esp/etiquetas.txt
dataset_grupo_6_reescalado/esp/esp_32_155.jpg,1,dataset_grupo_6_reescalado,esp,dataset_grupo_6_reescalado/esp/etiquetas.txt
dataset_grupo_8_reescalado/esp/esp_0046.png,0,dataset_grupo_8_reescalado,esp,dataset_grupo_8_reescalado/esp/etiquetas.txt
dataset_grupo_6_reescalado/esp/esp_32_8.jpg,0,dataset_grupo_6_reescalado,esp,dataset_grupo_6_reescalado/esp/etiquetas.txt
dataset_grupo_4_reescalado/esp/capture_20260422_202257_325752.jpg,0,dataset_grupo_4_reescalado,esp,dataset_grupo_4_reescalado/esp/etiquetas.txt
dataset_grupo_4_reescalado/esp/capture_20260422_202917_424566.jpg,1,dataset_grupo_4_reescalado,esp,dataset_grupo_4_reescalado/esp/etiquetas.txt
dataset_grupo_8_reescalado/esp/esp_0496.png,1,dataset_grupo_8_reescalado,esp,dataset_grupo_8_reescalado/esp/etiquetas.txt
dataset_grupo_8_reescalado/esp/esp_0455.png,0,dataset_grupo_8_reescalado,esp,dataset_grupo_8_reescalado/esp/etiquetas.txt
dataset_grupo_4_reescalado/esp/capture_20260422_201152_929435.jpg,1,dataset_grupo_4_reescalado,esp,dataset_grupo_4_reescalado/esp/etiquetas.txt
dataset_grupo_4_reescalado/esp/capture_20260422_202331_357855.jpg,1,dataset_grupo_4_reescalado,esp,dataset_grupo_4_reescalado/esp/etiquetas.txt
dataset_grupo_3_reescalado/esp/esp_117.jpg,1,dataset_grupo_3_reescalado,esp,dataset_grupo_3_reescalado/esp/etiquetas.txt
dataset_grupo_8_reescalado/esp/esp_0104.png,0,dataset_grupo_8_reescalado,esp,dataset_grupo_8_reescalado/esp/etiquetas.txt
dataset_grupo_4_reescalado/esp/capture_20260422_203002_462164.jpg,1,dataset_grupo_4_reescalado,esp,dataset_grupo_4_reescalado/esp/etiquetas.txt
dataset_grupo_4_reescalado/esp/capture_20260422_202801_941759.jpg,1,dataset_grupo_4_reescalado,esp,dataset_grupo_4_reescalado/esp/etiquetas.txt
dataset_grupo_3_reescalado/esp/esp_021.jpg,1,dataset_grupo_3_reescalado,esp,dataset_grupo_3_reescalado/esp/etiquetas.txt
dataset_grupo_4_reescalado/esp/capture_20260422_202949_359530.jpg,1,dataset_grupo_4_reescalado,esp,dataset_grupo_4_reescalado/esp/etiquetas.txt
dataset_grupo_4_reescalado/esp/capture_20260422_203003_597837.jpg,1,dataset_grupo_4_reescalado,esp,dataset_grupo_4_reescalado/esp/etiquetas.txt
dataset_grupo_3_reescalado/esp/esp_132.jpg,1,dataset_grupo_3_reescalado,esp,dataset_grupo_3_reescalado/esp/etiquetas.txt
dataset_grupo_4_reescalado/esp/capture_20260422_202241_288482.jpg,1,dataset_grupo_4_reescalado,esp,dataset_grupo_4_reescalado/esp/etiquetas.txt
dataset_grupo_6_reescalado/esp/esp_32_188.jpg,0,dataset_grupo_6_reescalado,esp,dataset_grupo_6_reescalado/esp/etiquetas.txt
dataset_grupo_3_reescalado/esp/esp_115.jpg,1,dataset_grupo_3_reescalado,esp,dataset_grupo_3_reescalado/esp/etiquetas.txt
dataset_grupo_8_reescalado/esp/esp_0067.png,0,dataset_grupo_8_reescalado,esp,dataset_grupo_8_reescalado/esp/etiquetas.txt
dataset_grupo_4_reescalado/esp/capture_20260422_202305_820176.jpg,0,dataset_grupo_4_reescalado,esp,dataset_grupo_4_reescalado/esp/etiquetas.txt
dataset_grupo_8_reescalado/esp/esp_0132.png,0,dataset_grupo_8_reescalado,esp,dataset_grupo_8_reescalado/esp/etiquetas.txt
dataset_grupo_4_reescalado/esp/capture_20260422_202242_842062.jpg,1,dataset_grupo_4_reescalado,esp,dataset_grupo_4_reescalado/esp/etiquetas.txt
dataset_grupo_3_reescalado/esp/esp_112.jpg,1,dataset_grupo_3_reescalado,esp,dataset_grupo_3_reescalado/esp/etiquetas.txt
dataset_grupo_4_reescalado/esp/capture_20260422_200925_334541.jpg,1,dataset_grupo_4_reescalado,esp,dataset_grupo_4_reescalado/esp/etiquetas.txt
dataset_grupo_8_reescalado/esp/esp_0494.png,0,dataset_grupo_8_reescalado,esp,dataset_grupo_8_reescalado/esp/etiquetas.txt
dataset_grupo_4_reescalado/esp/capture_20260422_195831_010663.jpg,1,dataset_grupo_4_reescalado,esp,dataset_grupo_4_reescalado/esp/etiquetas.txt
dataset_grupo_4_reescalado/esp/capture_20260422_202300_603831.jpg,0,dataset_grupo_4_reescalado,esp,dataset_grupo_4_reescalado/esp/etiquetas.txt
dataset_grupo_6_reescalado/esp/esp_32_196.jpg,0,dataset_grupo_6_reescalado,esp,dataset_grupo_6_reescalado/esp/etiquetas.txt
dataset_grupo_3_reescalado/esp/esp_126.jpg,1,dataset_grupo_3_reescalado,esp,dataset_grupo_3_reescalado/esp/etiquetas.txt
dataset_grupo_8_reescalado/esp/esp_0258.png,0,dataset_grupo_8_reescalado,esp,dataset_grupo_8_reescalado/esp/etiquetas.txt
dataset_grupo_8_reescalado/esp/esp_0256.png,0,dataset_grupo_8_reescalado,esp,dataset_grupo_8_reescalado/esp/etiquetas.txt
dataset_grupo_8_reescalado/esp/esp_0586.png,0,dataset_grupo_8_reescalado,esp,dataset_grupo_8_reescalado/esp/etiquetas.txt
dataset_grupo_3_reescalado/esp/esp_041.jpg,1,dataset_grupo_3_reescalado,esp,dataset_grupo_3_reescalado/esp/etiquetas.txt
dataset_grupo_8_reescalado/esp/esp_0221.png,0,dataset_grupo_8_reescalado,esp,dataset_grupo_8_reescalado/esp/etiquetas.txt
dataset_grupo_4_reescalado/esp/capture_20260422_202749_016777.jpg,1,dataset_grupo_4_reescalado,esp,dataset_grupo_4_reescalado/esp/etiquetas.txt
dataset_grupo_4_reescalado/esp/capture_20260422_195825_422071.jpg,1,dataset_grupo_4_reescalado,esp,dataset_grupo_4_reescalado/esp/etiquetas.txt
dataset_grupo_4_reescalado/esp/capture_20260422_202309_666352.jpg,1,dataset_grupo_4_reescalado,esp,dataset_grupo_4_reescalado/esp/etiquetas.txt
dataset_grupo_4_reescalado/esp/capture_20260422_203020_897153.jpg,0,dataset_grupo_4_reescalado,esp,dataset_grupo_4_reescalado/esp/etiquetas.txt
dataset_grupo_4_reescalado/esp/capture_20260422_202312_946475.jpg,1,dataset_grupo_4_reescalado,esp,dataset_grupo_4_reescalado/esp/etiquetas.txt
dataset_grupo_8_reescalado/esp/esp_0163.png,0,dataset_grupo_8_reescalado,esp,dataset_grupo_8_reescalado/esp/etiquetas.txt
dataset_grupo_6_reescalado/esp/esp_32_56.jpg,0,dataset_grupo_6_reescalado,esp,dataset_grupo_6_reescalado/esp/etiquetas.txt
dataset_grupo_8_reescalado/esp/esp_0092.png,0,dataset_grupo_8_reescalado,esp,dataset_grupo_8_reescalado/esp/etiquetas.txt
dataset_grupo_4_reescalado/esp/capture_20260422_202907_258463.jpg,1,dataset_grupo_4_reescalado,esp,dataset_grupo_4_reescalado/esp/etiquetas.txt
dataset_grupo_8_reescalado/esp/esp_0448.png,1,dataset_grupo_8_reescalado,esp,dataset_grupo_8_reescalado/esp/etiquetas.txt
dataset_grupo_8_reescalado/esp/esp_0284.png,0,dataset_grupo_8_reescalado,esp,dataset_grupo_8_reescalado/esp/etiquetas.txt
dataset_grupo_6_reescalado/esp/esp_32_31.jpg,0,dataset_grupo_6_reescalado,esp,dataset_grupo_6_reescalado/esp/etiquetas.txt
dataset_grupo_4_reescalado/esp/capture_20260422_202824_831009.jpg,0,dataset_grupo_4_reescalado,esp,dataset_grupo_4_reescalado/esp/etiquetas.txt
dataset_grupo_8_reescalado/esp/esp_0522.png,0,dataset_grupo_8_reescalado,esp,dataset_grupo_8_reescalado/esp/etiquetas.txt
dataset_grupo_4_reescalado/esp/capture_20260422_203004_621336.jpg,1,dataset_grupo_4_reescalado,esp,dataset_grupo_4_reescalado/esp/etiquetas.txt
dataset_grupo_4_reescalado/esp/capture_20260422_202910_826332.jpg,0,dataset_grupo_4_reescalado,esp,dataset_grupo_4_reescalado/esp/etiquetas.txt
dataset_grupo_8_reescalado/esp/esp_0471.png,0,dataset_grupo_8_reescalado,esp,dataset_grupo_8_reescalado/esp/etiquetas.txt
dataset_grupo_4_reescalado/esp/capture_20260422_202750_168817.jpg,1,dataset_grupo_4_reescalado,esp,dataset_grupo_4_reescalado/esp/etiquetas.txt
dataset_grupo_4_reescalado/esp/capture_20260422_202937_100872.jpg,0,dataset_grupo_4_reescalado,esp,dataset_grupo_4_reescalado/esp/etiquetas.txt
dataset_grupo_8_reescalado/esp/esp_0374.png,0,dataset_grupo_8_reescalado,esp,dataset_grupo_8_reescalado/esp/etiquetas.txt
dataset_grupo_4_reescalado/esp/capture_20260422_202245_257607.jpg,1,dataset_grupo_4_reescalado,esp,dataset_grupo_4_reescalado/esp/etiquetas.txt
dataset_grupo_8_reescalado/esp/esp_0257.png,1,dataset_grupo_8_reescalado,esp,dataset_grupo_8_reescalado/esp/etiquetas.txt
dataset_grupo_8_reescalado/esp/esp_0133.png,0,dataset_grupo_8_reescalado,esp,dataset_grupo_8_reescalado/esp/etiquetas.txt
dataset_grupo_4_reescalado/esp/capture_20260422_202755_263077.jpg,1,dataset_grupo_4_reescalado,esp,dataset_grupo_4_reescalado/esp/etiquetas.txt
dataset_grupo_8_reescalado/esp/esp_0232.png,0,dataset_grupo_8_reescalado,esp,dataset_grupo_8_reescalado/esp/etiquetas.txt
dataset_grupo_8_reescalado/esp/esp_0174.png,0,dataset_grupo_8_reescalado,esp,dataset_grupo_8_reescalado/esp/etiquetas.txt
dataset_grupo_8_reescalado/esp/esp_0243.png,0,dataset_grupo_8_reescalado,esp,dataset_grupo_8_reescalado/esp/etiquetas.txt
dataset_grupo_4_reescalado/esp/capture_20260422_202912_331462.jpg,1,dataset_grupo_4_reescalado,esp,dataset_grupo_4_reescalado/esp/etiquetas.txt
dataset_grupo_8_reescalado/esp/esp_0324.png,1,dataset_grupo_8_reescalado,esp,dataset_grupo_8_reescalado/esp/etiquetas.txt
dataset_grupo_8_reescalado/esp/esp_0122.png,0,dataset_grupo_8_reescalado,esp,dataset_grupo_8_reescalado/esp/etiquetas.txt
dataset_grupo_4_reescalado/esp/capture_20260422_202332_419996.jpg,0,dataset_grupo_4_reescalado,esp,dataset_grupo_4_reescalado/esp/etiquetas.txt
dataset_grupo_6_reescalado/esp/esp_32_81.jpg,0,dataset_grupo_6_reescalado,esp,dataset_grupo_6_reescalado/esp/etiquetas.txt
dataset_grupo_4_reescalado/esp/capture_20260422_202911_714612.jpg,0,dataset_grupo_4_reescalado,esp,dataset_grupo_4_reescalado/esp/etiquetas.txt
dataset_grupo_6_reescalado/esp/esp_32_89.jpg,0,dataset_grupo_6_reescalado,esp,dataset_grupo_6_reescalado/esp/etiquetas.txt
dataset_grupo_4_reescalado/esp/capture_20260422_202803_666067.jpg,1,dataset_grupo_4_reescalado,esp,dataset_grupo_4_reescalado/esp/etiquetas.txt
dataset_grupo_8_reescalado/esp/esp_0031.png,0,dataset_grupo_8_reescalado,esp,dataset_grupo_8_reescalado/esp/etiquetas.txt
dataset_grupo_8_reescalado/esp/esp_0188.png,0,dataset_grupo_8_reescalado,esp,dataset_grupo_8_reescalado/esp/etiquetas.txt
dataset_grupo_4_reescalado/esp/capture_20260422_201209_109373.jpg,1,dataset_grupo_4_reescalado,esp,dataset_grupo_4_reescalado/esp/etiquetas.txt
dataset_grupo_6_reescalado/esp/esp_32_46.jpg,0,dataset_grupo_6_reescalado,esp,dataset_grupo_6_reescalado/esp/etiquetas.txt
dataset_grupo_8_reescalado/esp/esp_0059.png,0,dataset_grupo_8_reescalado,esp,dataset_grupo_8_reescalado/esp/etiquetas.txt
dataset_grupo_4_reescalado/esp/capture_20260422_200951_598737.jpg,1,dataset_grupo_4_reescalado,esp,dataset_grupo_4_reescalado/esp/etiquetas.txt
dataset_grupo_4_reescalado/esp/capture_20260422_202801_319496.jpg,1,dataset_grupo_4_reescalado,esp,dataset_grupo_4_reescalado/esp/etiquetas.txt
dataset_grupo_8_reescalado/esp/esp_0009.png,0,dataset_grupo_8_reescalado,esp,dataset_grupo_8_reescalado/esp/etiquetas.txt
dataset_grupo_3_reescalado/esp/esp_090.jpg,1,dataset_grupo_3_reescalado,esp,dataset_grupo_3_reescalado/esp/etiquetas.txt
dataset_grupo_8_reescalado/esp/esp_0292.png,1,dataset_grupo_8_reescalado,esp,dataset_grupo_8_reescalado/esp/etiquetas.txt
dataset_grupo_8_reescalado/esp/esp_0490.png,1,dataset_grupo_8_reescalado,esp,dataset_grupo_8_reescalado/esp/etiquetas.txt
dataset_grupo_8_reescalado/esp/esp_0192.png,0,dataset_grupo_8_reescalado,esp,dataset_grupo_8_reescalado/esp/etiquetas.txt
dataset_grupo_8_reescalado/esp/esp_0066.png,0,dataset_grupo_8_reescalado,esp,dataset_grupo_8_reescalado/esp/etiquetas.txt
dataset_grupo_4_reescalado/esp/capture_20260422_202930_851026.jpg,1,dataset_grupo_4_reescalado,esp,dataset_grupo_4_reescalado/esp/etiquetas.txt
dataset_grupo_4_reescalado/esp/capture_20260422_202319_471248.jpg,0,dataset_grupo_4_reescalado,esp,dataset_grupo_4_reescalado/esp/etiquetas.txt
dataset_grupo_8_reescalado/esp/esp_0235.png,1,dataset_grupo_8_reescalado,esp,dataset_grupo_8_reescalado/esp/etiquetas.txt
dataset_grupo_4_reescalado/esp/capture_20260422_202800_587950.jpg,1,dataset_grupo_4_reescalado,esp,dataset_grupo_4_reescalado/esp/etiquetas.txt
dataset_grupo_8_reescalado/esp/esp_0513.png,1,dataset_grupo_8_reescalado,esp,dataset_grupo_8_reescalado/esp/etiquetas.txt
dataset_grupo_4_reescalado/esp/capture_20260422_202759_147739.jpg,1,dataset_grupo_4_reescalado,esp,dataset_grupo_4_reescalado/esp/etiquetas.txt
dataset_grupo_4_reescalado/esp/capture_20260422_202954_882298.jpg,0,dataset_grupo_4_reescalado,esp,dataset_grupo_4_reescalado/esp/etiquetas.txt
dataset_grupo_4_reescalado/esp/capture_20260422_202314_744547.jpg,1,dataset_grupo_4_reescalado,esp,dataset_grupo_4_reescalado/esp/etiquetas.txt
dataset_grupo_8_reescalado/esp/esp_0420.png,1,dataset_grupo_8_reescalado,esp,dataset_grupo_8_reescalado/esp/etiquetas.txt
dataset_grupo_3_reescalado/esp/esp_130.jpg,1,dataset_grupo_3_reescalado,esp,dataset_grupo_3_reescalado/esp/etiquetas.txt
dataset_grupo_8_reescalado/esp/esp_0183.png,0,dataset_grupo_8_reescalado,esp,dataset_grupo_8_reescalado/esp/etiquetas.txt
dataset_grupo_8_reescalado/esp/esp_0330.png,1,dataset_grupo_8_reescalado,esp,dataset_grupo_8_reescalado/esp/etiquetas.txt
dataset_grupo_8_reescalado/esp/esp_0540.png,1,dataset_grupo_8_reescalado,esp,dataset_grupo_8_reescalado/esp/etiquetas.txt
dataset_grupo_8_reescalado/esp/esp_0403.png,1,dataset_grupo_8_reescalado,esp,dataset_grupo_8_reescalado/esp/etiquetas.txt
dataset_grupo_4_reescalado/esp/capture_20260422_202820_402497.jpg,1,dataset_grupo_4_reescalado,esp,dataset_grupo_4_reescalado/esp/etiquetas.txt
dataset_grupo_4_reescalado/esp/capture_20260422_202243_121044.jpg,1,dataset_grupo_4_reescalado,esp,dataset_grupo_4_reescalado/esp/etiquetas.txt
dataset_grupo_8_reescalado/esp/esp_0529.png,1,dataset_grupo_8_reescalado,esp,dataset_grupo_8_reescalado/esp/etiquetas.txt
dataset_grupo_8_reescalado/esp/esp_0171.png,0,dataset_grupo_8_reescalado,esp,dataset_grupo_8_reescalado/esp/etiquetas.txt
dataset_grupo_8_reescalado/esp/esp_0340.png,1,dataset_grupo_8_reescalado,esp,dataset_grupo_8_reescalado/esp/etiquetas.txt
dataset_grupo_8_reescalado/esp/esp_0091.png,0,dataset_grupo_8_reescalado,esp,dataset_grupo_8_reescalado/esp/etiquetas.txt
dataset_grupo_4_reescalado/esp/capture_20260422_202946_384485.jpg,1,dataset_grupo_4_reescalado,esp,dataset_grupo_4_reescalado/esp/etiquetas.txt
dataset_grupo_6_reescalado/esp/esp_32_151.jpg,1,dataset_grupo_6_reescalado,esp,dataset_grupo_6_reescalado/esp/etiquetas.txt
dataset_grupo_6_reescalado/esp/esp_32_167.jpg,0,dataset_grupo_6_reescalado,esp,dataset_grupo_6_reescalado/esp/etiquetas.txt
dataset_grupo_8_reescalado/esp/esp_0343.png,1,dataset_grupo_8_reescalado,esp,dataset_grupo_8_reescalado/esp/etiquetas.txt
dataset_grupo_4_reescalado/esp/capture_20260422_200701_051475.jpg,0,dataset_grupo_4_reescalado,esp,dataset_grupo_4_reescalado/esp/etiquetas.txt
dataset_grupo_8_reescalado/esp/esp_0160.png,0,dataset_grupo_8_reescalado,esp,dataset_grupo_8_reescalado/esp/etiquetas.txt
dataset_grupo_6_reescalado/esp/esp_32_43.jpg,1,dataset_grupo_6_reescalado,esp,dataset_grupo_6_reescalado/esp/etiquetas.txt
dataset_grupo_8_reescalado/esp/esp_0470.png,1,dataset_grupo_8_reescalado,esp,dataset_grupo_8_reescalado/esp/etiquetas.txt
dataset_grupo_8_reescalado/esp/esp_0264.png,1,dataset_grupo_8_reescalado,esp,dataset_grupo_8_reescalado/esp/etiquetas.txt
dataset_grupo_8_reescalado/esp/esp_0493.png,1,dataset_grupo_8_reescalado,esp,dataset_grupo_8_reescalado/esp/etiquetas.txt
dataset_grupo_8_reescalado/esp/esp_0446.png,1,dataset_grupo_8_reescalado,esp,dataset_grupo_8_reescalado/esp/etiquetas.txt
dataset_grupo_8_reescalado/esp/esp_0034.png,0,dataset_grupo_8_reescalado,esp,dataset_grupo_8_reescalado/esp/etiquetas.txt
dataset_grupo_6_reescalado/esp/esp_32_140.jpg,1,dataset_grupo_6_reescalado,esp,dataset_grupo_6_reescalado/esp/etiquetas.txt
dataset_grupo_3_reescalado/esp/esp_073.jpg,1,dataset_grupo_3_reescalado,esp,dataset_grupo_3_reescalado/esp/etiquetas.txt
dataset_grupo_4_reescalado/esp/capture_20260422_202247_407874.jpg,0,dataset_grupo_4_reescalado,esp,dataset_grupo_4_reescalado/esp/etiquetas.txt
dataset_grupo_8_reescalado/esp/esp_0103.png,0,dataset_grupo_8_reescalado,esp,dataset_grupo_8_reescalado/esp/etiquetas.txt
dataset_grupo_4_reescalado/esp/capture_20260422_202936_792687.jpg,1,dataset_grupo_4_reescalado,esp,dataset_grupo_4_reescalado/esp/etiquetas.txt
dataset_grupo_8_reescalado/esp/esp_0211.png,0,dataset_grupo_8_reescalado,esp,dataset_grupo_8_reescalado/esp/etiquetas.txt
dataset_grupo_8_reescalado/esp/esp_0267.png,1,dataset_grupo_8_reescalado,esp,dataset_grupo_8_reescalado/esp/etiquetas.txt
dataset_grupo_8_reescalado/esp/esp_0366.png,1,dataset_grupo_8_reescalado,esp,dataset_grupo_8_reescalado/esp/etiquetas.txt
dataset_grupo_6_reescalado/esp/esp_32_136.jpg,1,dataset_grupo_6_reescalado,esp,dataset_grupo_6_reescalado/esp/etiquetas.txt
dataset_grupo_4_reescalado/esp/capture_20260422_203007_167836.jpg,1,dataset_grupo_4_reescalado,esp,dataset_grupo_4_reescalado/esp/etiquetas.txt
dataset_grupo_8_reescalado/esp/esp_0043.png,0,dataset_grupo_8_reescalado,esp,dataset_grupo_8_reescalado/esp/etiquetas.txt
dataset_grupo_4_reescalado/esp/capture_20260422_202924_707526.jpg,1,dataset_grupo_4_reescalado,esp,dataset_grupo_4_reescalado/esp/etiquetas.txt
dataset_grupo_6_reescalado/esp/esp_32_178.jpg,0,dataset_grupo_6_reescalado,esp,dataset_grupo_6_reescalado/esp/etiquetas.txt
dataset_grupo_6_reescalado/esp/esp_32_10.jpg,0,dataset_grupo_6_reescalado,esp,dataset_grupo_6_reescalado/esp/etiquetas.txt
dataset_grupo_8_reescalado/esp/esp_0334.png,0,dataset_grupo_8_reescalado,esp,dataset_grupo_8_reescalado/esp/etiquetas.txt
dataset_grupo_4_reescalado/esp/capture_20260422_202320_812324.jpg,0,dataset_grupo_4_reescalado,esp,dataset_grupo_4_reescalado/esp/etiquetas.txt
dataset_grupo_4_reescalado/esp/capture_20260422_202907_910248.jpg,1,dataset_grupo_4_reescalado,esp,dataset_grupo_4_reescalado/esp/etiquetas.txt
dataset_grupo_8_reescalado/esp/esp_0327.png,0,dataset_grupo_8_reescalado,esp,dataset_grupo_8_reescalado/esp/etiquetas.txt
dataset_grupo_4_reescalado/esp/capture_20260422_202319_779973.jpg,0,dataset_grupo_4_reescalado,esp,dataset_grupo_4_reescalado/esp/etiquetas.txt
dataset_grupo_3_reescalado/esp/esp_018.jpg,1,dataset_grupo_3_reescalado,esp,dataset_grupo_3_reescalado/esp/etiquetas.txt
dataset_grupo_8_reescalado/esp/esp_0247.png,0,dataset_grupo_8_reescalado,esp,dataset_grupo_8_reescalado/esp/etiquetas.txt
dataset_grupo_4_reescalado/esp/capture_20260422_202330_306591.jpg,1,dataset_grupo_4_reescalado,esp,dataset_grupo_4_reescalado/esp/etiquetas.txt
dataset_grupo_8_reescalado/esp/esp_0506.png,1,dataset_grupo_8_reescalado,esp,dataset_grupo_8_reescalado/esp/etiquetas.txt
dataset_grupo_4_reescalado/esp/capture_20260422_195820_162881.jpg,1,dataset_grupo_4_reescalado,esp,dataset_grupo_4_reescalado/esp/etiquetas.txt
dataset_grupo_3_reescalado/esp/esp_023.jpg,1,dataset_grupo_3_reescalado,esp,dataset_grupo_3_reescalado/esp/etiquetas.txt
dataset_grupo_8_reescalado/esp/esp_0546.png,1,dataset_grupo_8_reescalado,esp,dataset_grupo_8_reescalado/esp/etiquetas.txt
dataset_grupo_8_reescalado/esp/esp_0146.png,0,dataset_grupo_8_reescalado,esp,dataset_grupo_8_reescalado/esp/etiquetas.txt
dataset_grupo_4_reescalado/esp/capture_20260422_202929_329580.jpg,1,dataset_grupo_4_reescalado,esp,dataset_grupo_4_reescalado/esp/etiquetas.txt
dataset_grupo_4_reescalado/esp/capture_20260422_203016_594668.jpg,0,dataset_grupo_4_reescalado,esp,dataset_grupo_4_reescalado/esp/etiquetas.txt
dataset_grupo_8_reescalado/esp/esp_0255.png,0,dataset_grupo_8_reescalado,esp,dataset_grupo_8_reescalado/esp/etiquetas.txt
dataset_grupo_4_reescalado/esp/capture_20260422_202939_866902.jpg,1,dataset_grupo_4_reescalado,esp,dataset_grupo_4_reescalado/esp/etiquetas.txt
dataset_grupo_6_reescalado/esp/esp_32_101.jpg,0,dataset_grupo_6_reescalado,esp,dataset_grupo_6_reescalado/esp/etiquetas.txt
dataset_grupo_8_reescalado/esp/esp_0348.png,1,dataset_grupo_8_reescalado,esp,dataset_grupo_8_reescalado/esp/etiquetas.txt
dataset_grupo_3_reescalado/esp/esp_035.jpg,1,dataset_grupo_3_reescalado,esp,dataset_grupo_3_reescalado/esp/etiquetas.txt
dataset_grupo_4_reescalado/esp/capture_20260422_202238_151803.jpg,1,dataset_grupo_4_reescalado,esp,dataset_grupo_4_reescalado/esp/etiquetas.txt
dataset_grupo_8_reescalado/esp/esp_0550.png,1,dataset_grupo_8_reescalado,esp,dataset_grupo_8_reescalado/esp/etiquetas.txt
dataset_grupo_6_reescalado/esp/esp_32_183.jpg,0,dataset_grupo_6_reescalado,esp,dataset_grupo_6_reescalado/esp/etiquetas.txt
dataset_grupo_3_reescalado/esp/esp_069.jpg,1,dataset_grupo_3_reescalado,esp,dataset_grupo_3_reescalado/esp/etiquetas.txt
dataset_grupo_8_reescalado/esp/esp_0361.png,1,dataset_grupo_8_reescalado,esp,dataset_grupo_8_reescalado/esp/etiquetas.txt
dataset_grupo_8_reescalado/esp/esp_0283.png,0,dataset_grupo_8_reescalado,esp,dataset_grupo_8_reescalado/esp/etiquetas.txt
dataset_grupo_8_reescalado/esp/esp_0520.png,0,dataset_grupo_8_reescalado,esp,dataset_grupo_8_reescalado/esp/etiquetas.txt
dataset_grupo_8_reescalado/esp/esp_0483.png,1,dataset_grupo_8_reescalado,esp,dataset_grupo_8_reescalado/esp/etiquetas.txt
dataset_grupo_8_reescalado/esp/esp_0527.png,1,dataset_grupo_8_reescalado,esp,dataset_grupo_8_reescalado/esp/etiquetas.txt
dataset_grupo_4_reescalado/esp/capture_20260422_202311_717395.jpg,1,dataset_grupo_4_reescalado,esp,dataset_grupo_4_reescalado/esp/etiquetas.txt
dataset_grupo_6_reescalado/esp/esp_32_138.jpg,1,dataset_grupo_6_reescalado,esp,dataset_grupo_6_reescalado/esp/etiquetas.txt
dataset_grupo_4_reescalado/esp/capture_20260422_202814_795642.jpg,1,dataset_grupo_4_reescalado,esp,dataset_grupo_4_reescalado/esp/etiquetas.txt
dataset_grupo_8_reescalado/esp/esp_0554.png,1,dataset_grupo_8_reescalado,esp,dataset_grupo_8_reescalado/esp/etiquetas.txt
dataset_grupo_8_reescalado/esp/esp_0072.png,0,dataset_grupo_8_reescalado,esp,dataset_grupo_8_reescalado/esp/etiquetas.txt
dataset_grupo_6_reescalado/esp/esp_32_180.jpg,0,dataset_grupo_6_reescalado,esp,dataset_grupo_6_reescalado/esp/etiquetas.txt
dataset_grupo_4_reescalado/esp/capture_20260422_202938_025827.jpg,0,dataset_grupo_4_reescalado,esp,dataset_grupo_4_reescalado/esp/etiquetas.txt
dataset_grupo_8_reescalado/esp/esp_0450.png,1,dataset_grupo_8_reescalado,esp,dataset_grupo_8_reescalado/esp/etiquetas.txt
dataset_grupo_4_reescalado/esp/capture_20260422_202811_934902.jpg,1,dataset_grupo_4_reescalado,esp,dataset_grupo_4_reescalado/esp/etiquetas.txt
dataset_grupo_4_reescalado/esp/capture_20260422_202818_894708.jpg,0,dataset_grupo_4_reescalado,esp,dataset_grupo_4_reescalado/esp/etiquetas.txt
dataset_grupo_6_reescalado/esp/esp_32_177.jpg,0,dataset_grupo_6_reescalado,esp,dataset_grupo_6_reescalado/esp/etiquetas.txt
dataset_grupo_8_reescalado/esp/esp_0222.png,0,dataset_grupo_8_reescalado,esp,dataset_grupo_8_reescalado/esp/etiquetas.txt
dataset_grupo_6_reescalado/esp/esp_32_173.jpg,0,dataset_grupo_6_reescalado,esp,dataset_grupo_6_reescalado/esp/etiquetas.txt
dataset_grupo_8_reescalado/esp/esp_0381.png,1,dataset_grupo_8_reescalado,esp,dataset_grupo_8_reescalado/esp/etiquetas.txt
dataset_grupo_4_reescalado/esp/capture_20260422_202923_999826.jpg,1,dataset_grupo_4_reescalado,esp,dataset_grupo_4_reescalado/esp/etiquetas.txt
dataset_grupo_4_reescalado/esp/capture_20260422_202752_289062.jpg,1,dataset_grupo_4_reescalado,esp,dataset_grupo_4_reescalado/esp/etiquetas.txt
dataset_grupo_4_reescalado/esp/capture_20260422_201049_270521.jpg,1,dataset_grupo_4_reescalado,esp,dataset_grupo_4_reescalado/esp/etiquetas.txt
dataset_grupo_4_reescalado/esp/capture_20260422_200650_644410.jpg,0,dataset_grupo_4_reescalado,esp,dataset_grupo_4_reescalado/esp/etiquetas.txt
dataset_grupo_6_reescalado/esp/esp_32_120.jpg,0,dataset_grupo_6_reescalado,esp,dataset_grupo_6_reescalado/esp/etiquetas.txt
dataset_grupo_4_reescalado/esp/capture_20260422_202315_275094.jpg,1,dataset_grupo_4_reescalado,esp,dataset_grupo_4_reescalado/esp/etiquetas.txt
dataset_grupo_6_reescalado/esp/esp_32_127.jpg,1,dataset_grupo_6_reescalado,esp,dataset_grupo_6_reescalado/esp/etiquetas.txt
dataset_grupo_3_reescalado/esp/esp_134.jpg,1,dataset_grupo_3_reescalado,esp,dataset_grupo_3_reescalado/esp/etiquetas.txt
dataset_grupo_6_reescalado/esp/esp_32_45.jpg,1,dataset_grupo_6_reescalado,esp,dataset_grupo_6_reescalado/esp/etiquetas.txt
dataset_grupo_8_reescalado/esp/esp_0154.png,0,dataset_grupo_8_reescalado,esp,dataset_grupo_8_reescalado/esp/etiquetas.txt
dataset_grupo_8_reescalado/esp/esp_0198.png,0,dataset_grupo_8_reescalado,esp,dataset_grupo_8_reescalado/esp/etiquetas.txt
dataset_grupo_8_reescalado/esp/esp_0099.png,0,dataset_grupo_8_reescalado,esp,dataset_grupo_8_reescalado/esp/etiquetas.txt
dataset_grupo_4_reescalado/esp/capture_20260422_202807_448899.jpg,1,dataset_grupo_4_reescalado,esp,dataset_grupo_4_reescalado/esp/etiquetas.txt
dataset_grupo_6_reescalado/esp/esp_32_111.jpg,1,dataset_grupo_6_reescalado,esp,dataset_grupo_6_reescalado/esp/etiquetas.txt
dataset_grupo_8_reescalado/esp/esp_0405.png,1,dataset_grupo_8_reescalado,esp,dataset_grupo_8_reescalado/esp/etiquetas.txt
dataset_grupo_6_reescalado/esp/esp_32_36.jpg,1,dataset_grupo_6_reescalado,esp,dataset_grupo_6_reescalado/esp/etiquetas.txt
dataset_grupo_4_reescalado/esp/capture_20260422_202302_094443.jpg,0,dataset_grupo_4_reescalado,esp,dataset_grupo_4_reescalado/esp/etiquetas.txt
dataset_grupo_8_reescalado/esp/esp_0354.png,1,dataset_grupo_8_reescalado,esp,dataset_grupo_8_reescalado/esp/etiquetas.txt
dataset_grupo_3_reescalado/esp/esp_010.jpg,0,dataset_grupo_3_reescalado,esp,dataset_grupo_3_reescalado/esp/etiquetas.txt
dataset_grupo_4_reescalado/esp/capture_20260422_202749_863330.jpg,1,dataset_grupo_4_reescalado,esp,dataset_grupo_4_reescalado/esp/etiquetas.txt
dataset_grupo_8_reescalado/esp/esp_0551.png,0,dataset_grupo_8_reescalado,esp,dataset_grupo_8_reescalado/esp/etiquetas.txt
dataset_grupo_8_reescalado/esp/esp_0355.png,1,dataset_grupo_8_reescalado,esp,dataset_grupo_8_reescalado/esp/etiquetas.txt
dataset_grupo_8_reescalado/esp/esp_0175.png,0,dataset_grupo_8_reescalado,esp,dataset_grupo_8_reescalado/esp/etiquetas.txt
dataset_grupo_4_reescalado/esp/capture_20260422_200805_088052.jpg,0,dataset_grupo_4_reescalado,esp,dataset_grupo_4_reescalado/esp/etiquetas.txt
dataset_grupo_8_reescalado/esp/esp_0230.png,0,dataset_grupo_8_reescalado,esp,dataset_grupo_8_reescalado/esp/etiquetas.txt
dataset_grupo_4_reescalado/esp/capture_20260422_195904_724987.jpg,1,dataset_grupo_4_reescalado,esp,dataset_grupo_4_reescalado/esp/etiquetas.txt
dataset_grupo_6_reescalado/esp/esp_32_169.jpg,0,dataset_grupo_6_reescalado,esp,dataset_grupo_6_reescalado/esp/etiquetas.txt
dataset_grupo_8_reescalado/esp/esp_0555.png,1,dataset_grupo_8_reescalado,esp,dataset_grupo_8_reescalado/esp/etiquetas.txt
dataset_grupo_6_reescalado/esp/esp_32_174.jpg,0,dataset_grupo_6_reescalado,esp,dataset_grupo_6_reescalado/esp/etiquetas.txt
dataset_grupo_6_reescalado/esp/esp_32_100.jpg,0,dataset_grupo_6_reescalado,esp,dataset_grupo_6_reescalado/esp/etiquetas.txt
dataset_grupo_4_reescalado/esp/capture_20260422_202749_551512.jpg,1,dataset_grupo_4_reescalado,esp,dataset_grupo_4_reescalado/esp/etiquetas.txt
dataset_grupo_8_reescalado/esp/esp_0597.png,0,dataset_grupo_8_reescalado,esp,dataset_grupo_8_reescalado/esp/etiquetas.txt
dataset_grupo_4_reescalado/esp/capture_20260422_202946_721432.jpg,1,dataset_grupo_4_reescalado,esp,dataset_grupo_4_reescalado/esp/etiquetas.txt
dataset_grupo_4_reescalado/esp/capture_20260422_203005_448716.jpg,1,dataset_grupo_4_reescalado,esp,dataset_grupo_4_reescalado/esp/etiquetas.txt
dataset_grupo_4_reescalado/esp/capture_20260422_201235_368285.jpg,1,dataset_grupo_4_reescalado,esp,dataset_grupo_4_reescalado/esp/etiquetas.txt
dataset_grupo_8_reescalado/esp/esp_0538.png,1,dataset_grupo_8_reescalado,esp,dataset_grupo_8_reescalado/esp/etiquetas.txt
dataset_grupo_4_reescalado/esp/capture_20260422_195920_438830.jpg,1,dataset_grupo_4_reescalado,esp,dataset_grupo_4_reescalado/esp/etiquetas.txt
dataset_grupo_4_reescalado/esp/capture_20260422_202816_665480.jpg,1,dataset_grupo_4_reescalado,esp,dataset_grupo_4_reescalado/esp/etiquetas.txt
dataset_grupo_6_reescalado/esp/esp_32_58.jpg,1,dataset_grupo_6_reescalado,esp,dataset_grupo_6_reescalado/esp/etiquetas.txt
dataset_grupo_8_reescalado/esp/esp_0248.png,0,dataset_grupo_8_reescalado,esp,dataset_grupo_8_reescalado/esp/etiquetas.txt
dataset_grupo_4_reescalado/esp/capture_20260422_202305_556198.jpg,0,dataset_grupo_4_reescalado,esp,dataset_grupo_4_reescalado/esp/etiquetas.txt
dataset_grupo_6_reescalado/esp/esp_32_150.jpg,1,dataset_grupo_6_reescalado,esp,dataset_grupo_6_reescalado/esp/etiquetas.txt
dataset_grupo_4_reescalado/esp/capture_20260422_202910_071549.jpg,1,dataset_grupo_4_reescalado,esp,dataset_grupo_4_reescalado/esp/etiquetas.txt
dataset_grupo_3_reescalado/esp/esp_128.jpg,1,dataset_grupo_3_reescalado,esp,dataset_grupo_3_reescalado/esp/etiquetas.txt
dataset_grupo_4_reescalado/esp/capture_20260422_202256_235782.jpg,0,dataset_grupo_4_reescalado,esp,dataset_grupo_4_reescalado/esp/etiquetas.txt
dataset_grupo_4_reescalado/esp/capture_20260422_202918_302032.jpg,1,dataset_grupo_4_reescalado,esp,dataset_grupo_4_reescalado/esp/etiquetas.txt
dataset_grupo_6_reescalado/esp/esp_32_1.jpg,1,dataset_grupo_6_reescalado,esp,dataset_grupo_6_reescalado/esp/etiquetas.txt
dataset_grupo_4_reescalado/esp/capture_20260422_201224_347672.jpg,1,dataset_grupo_4_reescalado,esp,dataset_grupo_4_reescalado/esp/etiquetas.txt
dataset_grupo_6_reescalado/esp/esp_32_143.jpg,1,dataset_grupo_6_reescalado,esp,dataset_grupo_6_reescalado/esp/etiquetas.txt
dataset_grupo_8_reescalado/esp/esp_0130.png,0,dataset_grupo_8_reescalado,esp,dataset_grupo_8_reescalado/esp/etiquetas.txt
dataset_grupo_4_reescalado/esp/capture_20260422_202906_086094.jpg,1,dataset_grupo_4_reescalado,esp,dataset_grupo_4_reescalado/esp/etiquetas.txt
dataset_grupo_8_reescalado/esp/esp_0594.png,0,dataset_grupo_8_reescalado,esp,dataset_grupo_8_reescalado/esp/etiquetas.txt
dataset_grupo_6_reescalado/esp/esp_32_161.jpg,1,dataset_grupo_6_reescalado,esp,dataset_grupo_6_reescalado/esp/etiquetas.txt
dataset_grupo_4_reescalado/esp/capture_20260422_202932_596661.jpg,1,dataset_grupo_4_reescalado,esp,dataset_grupo_4_reescalado/esp/etiquetas.txt
dataset_grupo_8_reescalado/esp/esp_0375.png,1,dataset_grupo_8_reescalado,esp,dataset_grupo_8_reescalado/esp/etiquetas.txt
dataset_grupo_6_reescalado/esp/esp_32_128.jpg,0,dataset_grupo_6_reescalado,esp,dataset_grupo_6_reescalado/esp/etiquetas.txt
dataset_grupo_3_reescalado/esp/esp_124.jpg,1,dataset_grupo_3_reescalado,esp,dataset_grupo_3_reescalado/esp/etiquetas.txt
dataset_grupo_3_reescalado/esp/esp_056.jpg,1,dataset_grupo_3_reescalado,esp,dataset_grupo_3_reescalado/esp/etiquetas.txt
dataset_grupo_8_reescalado/esp/esp_0285.png,0,dataset_grupo_8_reescalado,esp,dataset_grupo_8_reescalado/esp/etiquetas.txt
dataset_grupo_4_reescalado/esp/capture_20260422_202913_558433.jpg,1,dataset_grupo_4_reescalado,esp,dataset_grupo_4_reescalado/esp/etiquetas.txt
dataset_grupo_4_reescalado/esp/capture_20260422_202309_238295.jpg,1,dataset_grupo_4_reescalado,esp,dataset_grupo_4_reescalado/esp/etiquetas.txt
dataset_grupo_4_reescalado/esp/capture_20260422_202237_436990.jpg,1,dataset_grupo_4_reescalado,esp,dataset_grupo_4_reescalado/esp/etiquetas.txt
dataset_grupo_8_reescalado/esp/esp_0331.png,0,dataset_grupo_8_reescalado,esp,dataset_grupo_8_reescalado/esp/etiquetas.txt
dataset_grupo_3_reescalado/esp/esp_022.jpg,1,dataset_grupo_3_reescalado,esp,dataset_grupo_3_reescalado/esp/etiquetas.txt
dataset_grupo_8_reescalado/esp/esp_0275.png,1,dataset_grupo_8_reescalado,esp,dataset_grupo_8_reescalado/esp/etiquetas.txt
dataset_grupo_4_reescalado/esp/capture_20260422_202925_319582.jpg,1,dataset_grupo_4_reescalado,esp,dataset_grupo_4_reescalado/esp/etiquetas.txt
dataset_grupo_4_reescalado/esp/capture_20260422_202954_059695.jpg,1,dataset_grupo_4_reescalado,esp,dataset_grupo_4_reescalado/esp/etiquetas.txt
dataset_grupo_6_reescalado/esp/esp_32_73.jpg,0,dataset_grupo_6_reescalado,esp,dataset_grupo_6_reescalado/esp/etiquetas.txt
dataset_grupo_3_reescalado/esp/esp_047.jpg,1,dataset_grupo_3_reescalado,esp,dataset_grupo_3_reescalado/esp/etiquetas.txt
dataset_grupo_6_reescalado/esp/esp_32_40.jpg,1,dataset_grupo_6_reescalado,esp,dataset_grupo_6_reescalado/esp/etiquetas.txt
dataset_grupo_8_reescalado/esp/esp_0060.png,0,dataset_grupo_8_reescalado,esp,dataset_grupo_8_reescalado/esp/etiquetas.txt
dataset_grupo_4_reescalado/esp/capture_20260422_202320_510276.jpg,0,dataset_grupo_4_reescalado,esp,dataset_grupo_4_reescalado/esp/etiquetas.txt
dataset_grupo_6_reescalado/esp/esp_32_170.jpg,0,dataset_grupo_6_reescalado,esp,dataset_grupo_6_reescalado/esp/etiquetas.txt
dataset_grupo_8_reescalado/esp/esp_0002.png,1,dataset_grupo_8_reescalado,esp,dataset_grupo_8_reescalado/esp/etiquetas.txt
dataset_grupo_4_reescalado/esp/capture_20260422_202821_683689.jpg,1,dataset_grupo_4_reescalado,esp,dataset_grupo_4_reescalado/esp/etiquetas.txt
dataset_grupo_4_reescalado/esp/capture_20260422_202929_925885.jpg,0,dataset_grupo_4_reescalado,esp,dataset_grupo_4_reescalado/esp/etiquetas.txt
dataset_grupo_4_reescalado/esp/capture_20260422_202311_419658.jpg,1,dataset_grupo_4_reescalado,esp,dataset_grupo_4_reescalado/esp/etiquetas.txt
dataset_grupo_8_reescalado/esp/esp_0138.png,0,dataset_grupo_8_reescalado,esp,dataset_grupo_8_reescalado/esp/etiquetas.txt
dataset_grupo_3_reescalado/esp/esp_074.jpg,1,dataset_grupo_3_reescalado,esp,dataset_grupo_3_reescalado/esp/etiquetas.txt
dataset_grupo_6_reescalado/esp/esp_32_42.jpg,0,dataset_grupo_6_reescalado,esp,dataset_grupo_6_reescalado/esp/etiquetas.txt
dataset_grupo_8_reescalado/esp/esp_0231.png,0,dataset_grupo_8_reescalado,esp,dataset_grupo_8_reescalado/esp/etiquetas.txt
dataset_grupo_8_reescalado/esp/esp_0428.png,1,dataset_grupo_8_reescalado,esp,dataset_grupo_8_reescalado/esp/etiquetas.txt
dataset_grupo_3_reescalado/esp/esp_051.jpg,1,dataset_grupo_3_reescalado,esp,dataset_grupo_3_reescalado/esp/etiquetas.txt
dataset_grupo_4_reescalado/esp/capture_20260422_203013_022425.jpg,0,dataset_grupo_4_reescalado,esp,dataset_grupo_4_reescalado/esp/etiquetas.txt
dataset_grupo_8_reescalado/esp/esp_0460.png,1,dataset_grupo_8_reescalado,esp,dataset_grupo_8_reescalado/esp/etiquetas.txt
dataset_grupo_8_reescalado/esp/esp_0517.png,1,dataset_grupo_8_reescalado,esp,dataset_grupo_8_reescalado/esp/etiquetas.txt
dataset_grupo_6_reescalado/esp/esp_32_70.jpg,0,dataset_grupo_6_reescalado,esp,dataset_grupo_6_reescalado/esp/etiquetas.txt
dataset_grupo_3_reescalado/esp/esp_096.jpg,1,dataset_grupo_3_reescalado,esp,dataset_grupo_3_reescalado/esp/etiquetas.txt
dataset_grupo_6_reescalado/esp/esp_32_153.jpg,1,dataset_grupo_6_reescalado,esp,dataset_grupo_6_reescalado/esp/etiquetas.txt
dataset_grupo_4_reescalado/esp/capture_20260422_201110_265265.jpg,1,dataset_grupo_4_reescalado,esp,dataset_grupo_4_reescalado/esp/etiquetas.txt
dataset_grupo_4_reescalado/esp/capture_20260422_202823_835539.jpg,0,dataset_grupo_4_reescalado,esp,dataset_grupo_4_reescalado/esp/etiquetas.txt
dataset_grupo_4_reescalado/esp/capture_20260422_202749_277705.jpg,1,dataset_grupo_4_reescalado,esp,dataset_grupo_4_reescalado/esp/etiquetas.txt
dataset_grupo_4_reescalado/esp/capture_20260422_203015_426597.jpg,0,dataset_grupo_4_reescalado,esp,dataset_grupo_4_reescalado/esp/etiquetas.txt
dataset_grupo_8_reescalado/esp/esp_0102.png,0,dataset_grupo_8_reescalado,esp,dataset_grupo_8_reescalado/esp/etiquetas.txt
dataset_grupo_6_reescalado/esp/esp_32_30.jpg,0,dataset_grupo_6_reescalado,esp,dataset_grupo_6_reescalado/esp/etiquetas.txt
dataset_grupo_8_reescalado/esp/esp_0304.png,1,dataset_grupo_8_reescalado,esp,dataset_grupo_8_reescalado/esp/etiquetas.txt
dataset_grupo_8_reescalado/esp/esp_0050.png,0,dataset_grupo_8_reescalado,esp,dataset_grupo_8_reescalado/esp/etiquetas.txt
dataset_grupo_4_reescalado/esp/capture_20260422_202802_241776.jpg,1,dataset_grupo_4_reescalado,esp,dataset_grupo_4_reescalado/esp/etiquetas.txt
dataset_grupo_8_reescalado/esp/esp_0598.png,0,dataset_grupo_8_reescalado,esp,dataset_grupo_8_reescalado/esp/etiquetas.txt
dataset_grupo_6_reescalado/esp/esp_32_6.jpg,1,dataset_grupo_6_reescalado,esp,dataset_grupo_6_reescalado/esp/etiquetas.txt
dataset_grupo_8_reescalado/esp/esp_0239.png,0,dataset_grupo_8_reescalado,esp,dataset_grupo_8_reescalado/esp/etiquetas.txt
dataset_grupo_6_reescalado/esp/esp_32_195.jpg,0,dataset_grupo_6_reescalado,esp,dataset_grupo_6_reescalado/esp/etiquetas.txt
dataset_grupo_6_reescalado/esp/esp_32_72.jpg,0,dataset_grupo_6_reescalado,esp,dataset_grupo_6_reescalado/esp/etiquetas.txt
dataset_grupo_8_reescalado/esp/esp_0424.png,1,dataset_grupo_8_reescalado,esp,dataset_grupo_8_reescalado/esp/etiquetas.txt
dataset_grupo_3_reescalado/esp/esp_078.jpg,1,dataset_grupo_3_reescalado,esp,dataset_grupo_3_reescalado/esp/etiquetas.txt
dataset_grupo_8_reescalado/esp/esp_0322.png,1,dataset_grupo_8_reescalado,esp,dataset_grupo_8_reescalado/esp/etiquetas.txt
dataset_grupo_4_reescalado/esp/capture_20260422_202835_699396.jpg,0,dataset_grupo_4_reescalado,esp,dataset_grupo_4_reescalado/esp/etiquetas.txt
dataset_grupo_8_reescalado/esp/esp_0509.png,1,dataset_grupo_8_reescalado,esp,dataset_grupo_8_reescalado/esp/etiquetas.txt
dataset_grupo_6_reescalado/esp/esp_32_34.jpg,1,dataset_grupo_6_reescalado,esp,dataset_grupo_6_reescalado/esp/etiquetas.txt
dataset_grupo_8_reescalado/esp/esp_0582.png,0,dataset_grupo_8_reescalado,esp,dataset_grupo_8_reescalado/esp/etiquetas.txt
dataset_grupo_8_reescalado/esp/esp_0210.png,0,dataset_grupo_8_reescalado,esp,dataset_grupo_8_reescalado/esp/etiquetas.txt
dataset_grupo_8_reescalado/esp/esp_0082.png,0,dataset_grupo_8_reescalado,esp,dataset_grupo_8_reescalado/esp/etiquetas.txt
dataset_grupo_4_reescalado/esp/capture_20260422_203019_545378.jpg,0,dataset_grupo_4_reescalado,esp,dataset_grupo_4_reescalado/esp/etiquetas.txt
dataset_grupo_8_reescalado/esp/esp_0179.png,0,dataset_grupo_8_reescalado,esp,dataset_grupo_8_reescalado/esp/etiquetas.txt
dataset_grupo_8_reescalado/esp/esp_0166.png,0,dataset_grupo_8_reescalado,esp,dataset_grupo_8_reescalado/esp/etiquetas.txt
dataset_grupo_8_reescalado/esp/esp_0202.png,0,dataset_grupo_8_reescalado,esp,dataset_grupo_8_reescalado/esp/etiquetas.txt
dataset_grupo_4_reescalado/esp/capture_20260422_202751_391737.jpg,1,dataset_grupo_4_reescalado,esp,dataset_grupo_4_reescalado/esp/etiquetas.txt
dataset_grupo_8_reescalado/esp/esp_0533.png,1,dataset_grupo_8_reescalado,esp,dataset_grupo_8_reescalado/esp/etiquetas.txt
dataset_grupo_6_reescalado/esp/esp_32_5.jpg,1,dataset_grupo_6_reescalado,esp,dataset_grupo_6_reescalado/esp/etiquetas.txt
dataset_grupo_6_reescalado/esp/esp_32_116.jpg,0,dataset_grupo_6_reescalado,esp,dataset_grupo_6_reescalado/esp/etiquetas.txt
dataset_grupo_8_reescalado/esp/esp_0271.png,1,dataset_grupo_8_reescalado,esp,dataset_grupo_8_reescalado/esp/etiquetas.txt
dataset_grupo_8_reescalado/esp/esp_0579.png,1,dataset_grupo_8_reescalado,esp,dataset_grupo_8_reescalado/esp/etiquetas.txt
dataset_grupo_3_reescalado/esp/esp_025.jpg,1,dataset_grupo_3_reescalado,esp,dataset_grupo_3_reescalado/esp/etiquetas.txt
dataset_grupo_8_reescalado/esp/esp_0580.png,1,dataset_grupo_8_reescalado,esp,dataset_grupo_8_reescalado/esp/etiquetas.txt
dataset_grupo_8_reescalado/esp/esp_0451.png,1,dataset_grupo_8_reescalado,esp,dataset_grupo_8_reescalado/esp/etiquetas.txt
dataset_grupo_4_reescalado/esp/capture_20260422_195615_013726.jpg,0,dataset_grupo_4_reescalado,esp,dataset_grupo_4_reescalado/esp/etiquetas.txt
dataset_grupo_3_reescalado/esp/esp_080.jpg,1,dataset_grupo_3_reescalado,esp,dataset_grupo_3_reescalado/esp/etiquetas.txt
dataset_grupo_8_reescalado/esp/esp_0567.png,0,dataset_grupo_8_reescalado,esp,dataset_grupo_8_reescalado/esp/etiquetas.txt
dataset_grupo_6_reescalado/esp/esp_32_12.jpg,0,dataset_grupo_6_reescalado,esp,dataset_grupo_6_reescalado/esp/etiquetas.txt
dataset_grupo_6_reescalado/esp/esp_32_3.jpg,1,dataset_grupo_6_reescalado,esp,dataset_grupo_6_reescalado/esp/etiquetas.txt
dataset_grupo_3_reescalado/esp/esp_002.jpg,1,dataset_grupo_3_reescalado,esp,dataset_grupo_3_reescalado/esp/etiquetas.txt
dataset_grupo_6_reescalado/esp/esp_32_132.jpg,1,dataset_grupo_6_reescalado,esp,dataset_grupo_6_reescalado/esp/etiquetas.txt
dataset_grupo_4_reescalado/esp/capture_20260422_202310_529806.jpg,1,dataset_grupo_4_reescalado,esp,dataset_grupo_4_reescalado/esp/etiquetas.txt
dataset_grupo_8_reescalado/esp/esp_0203.png,0,dataset_grupo_8_reescalado,esp,dataset_grupo_8_reescalado/esp/etiquetas.txt
dataset_grupo_4_reescalado/esp/capture_20260422_200734_199506.jpg,0,dataset_grupo_4_reescalado,esp,dataset_grupo_4_reescalado/esp/etiquetas.txt
dataset_grupo_4_reescalado/esp/capture_20260422_202937_701825.jpg,0,dataset_grupo_4_reescalado,esp,dataset_grupo_4_reescalado/esp/etiquetas.txt
dataset_grupo_6_reescalado/esp/esp_32_92.jpg,0,dataset_grupo_6_reescalado,esp,dataset_grupo_6_reescalado/esp/etiquetas.txt
dataset_grupo_3_reescalado/esp/esp_030.jpg,1,dataset_grupo_3_reescalado,esp,dataset_grupo_3_reescalado/esp/etiquetas.txt
dataset_grupo_4_reescalado/esp/capture_20260422_202322_125394.jpg,0,dataset_grupo_4_reescalado,esp,dataset_grupo_4_reescalado/esp/etiquetas.txt
dataset_grupo_8_reescalado/esp/esp_0584.png,0,dataset_grupo_8_reescalado,esp,dataset_grupo_8_reescalado/esp/etiquetas.txt
dataset_grupo_8_reescalado/esp/esp_0393.png,0,dataset_grupo_8_reescalado,esp,dataset_grupo_8_reescalado/esp/etiquetas.txt
dataset_grupo_8_reescalado/esp/esp_0445.png,0,dataset_grupo_8_reescalado,esp,dataset_grupo_8_reescalado/esp/etiquetas.txt
dataset_grupo_8_reescalado/esp/esp_0105.png,0,dataset_grupo_8_reescalado,esp,dataset_grupo_8_reescalado/esp/etiquetas.txt
dataset_grupo_4_reescalado/esp/capture_20260422_202241_838597.jpg,1,dataset_grupo_4_reescalado,esp,dataset_grupo_4_reescalado/esp/etiquetas.txt
dataset_grupo_6_reescalado/esp/esp_32_35.jpg,1,dataset_grupo_6_reescalado,esp,dataset_grupo_6_reescalado/esp/etiquetas.txt
dataset_grupo_8_reescalado/esp/esp_0422.png,1,dataset_grupo_8_reescalado,esp,dataset_grupo_8_reescalado/esp/etiquetas.txt
dataset_grupo_4_reescalado/esp/capture_20260422_202244_219864.jpg,1,dataset_grupo_4_reescalado,esp,dataset_grupo_4_reescalado/esp/etiquetas.txt
dataset_grupo_4_reescalado/esp/capture_20260422_202808_634221.jpg,1,dataset_grupo_4_reescalado,esp,dataset_grupo_4_reescalado/esp/etiquetas.txt
dataset_grupo_4_reescalado/esp/capture_20260422_202301_792317.jpg,0,dataset_grupo_4_reescalado,esp,dataset_grupo_4_reescalado/esp/etiquetas.txt
dataset_grupo_4_reescalado/esp/capture_20260422_202305_277257.jpg,0,dataset_grupo_4_reescalado,esp,dataset_grupo_4_reescalado/esp/etiquetas.txt
dataset_grupo_4_reescalado/esp/capture_20260422_202951_296890.jpg,1,dataset_grupo_4_reescalado,esp,dataset_grupo_4_reescalado/esp/etiquetas.txt
dataset_grupo_8_reescalado/esp/esp_0039.png,0,dataset_grupo_8_reescalado,esp,dataset_grupo_8_reescalado/esp/etiquetas.txt
dataset_grupo_3_reescalado/esp/esp_072.jpg,1,dataset_grupo_3_reescalado,esp,dataset_grupo_3_reescalado/esp/etiquetas.txt
dataset_grupo_8_reescalado/esp/esp_0049.png,0,dataset_grupo_8_reescalado,esp,dataset_grupo_8_reescalado/esp/etiquetas.txt
dataset_grupo_4_reescalado/esp/capture_20260422_202748_405398.jpg,1,dataset_grupo_4_reescalado,esp,dataset_grupo_4_reescalado/esp/etiquetas.txt
dataset_grupo_4_reescalado/esp/capture_20260422_202918_004072.jpg,1,dataset_grupo_4_reescalado,esp,dataset_grupo_4_reescalado/esp/etiquetas.txt
dataset_grupo_4_reescalado/esp/capture_20260422_203019_875604.jpg,0,dataset_grupo_4_reescalado,esp,dataset_grupo_4_reescalado/esp/etiquetas.txt
dataset_grupo_8_reescalado/esp/esp_0302.png,1,dataset_grupo_8_reescalado,esp,dataset_grupo_8_reescalado/esp/etiquetas.txt
dataset_grupo_4_reescalado/esp/capture_20260422_202827_075693.jpg,1,dataset_grupo_4_reescalado,esp,dataset_grupo_4_reescalado/esp/etiquetas.txt
dataset_grupo_3_reescalado/esp/esp_084.jpg,1,dataset_grupo_3_reescalado,esp,dataset_grupo_3_reescalado/esp/etiquetas.txt
dataset_grupo_3_reescalado/esp/esp_028.jpg,1,dataset_grupo_3_reescalado,esp,dataset_grupo_3_reescalado/esp/etiquetas.txt
dataset_grupo_4_reescalado/esp/capture_20260422_202909_774420.jpg,1,dataset_grupo_4_reescalado,esp,dataset_grupo_4_reescalado/esp/etiquetas.txt
dataset_grupo_3_reescalado/esp/esp_063.jpg,1,dataset_grupo_3_reescalado,esp,dataset_grupo_3_reescalado/esp/etiquetas.txt
dataset_grupo_8_reescalado/esp/esp_0273.png,1,dataset_grupo_8_reescalado,esp,dataset_grupo_8_reescalado/esp/etiquetas.txt
dataset_grupo_8_reescalado/esp/esp_0144.png,0,dataset_grupo_8_reescalado,esp,dataset_grupo_8_reescalado/esp/etiquetas.txt
dataset_grupo_4_reescalado/esp/capture_20260422_202753_783257.jpg,1,dataset_grupo_4_reescalado,esp,dataset_grupo_4_reescalado/esp/etiquetas.txt
dataset_grupo_4_reescalado/esp/capture_20260422_203021_920050.jpg,1,dataset_grupo_4_reescalado,esp,dataset_grupo_4_reescalado/esp/etiquetas.txt
dataset_grupo_4_reescalado/esp/capture_20260422_202300_056264.jpg,0,dataset_grupo_4_reescalado,esp,dataset_grupo_4_reescalado/esp/etiquetas.txt
dataset_grupo_8_reescalado/esp/esp_0479.png,1,dataset_grupo_8_reescalado,esp,dataset_grupo_8_reescalado/esp/etiquetas.txt
dataset_grupo_4_reescalado/esp/capture_20260422_202248_166954.jpg,0,dataset_grupo_4_reescalado,esp,dataset_grupo_4_reescalado/esp/etiquetas.txt
dataset_grupo_8_reescalado/esp/esp_0129.png,0,dataset_grupo_8_reescalado,esp,dataset_grupo_8_reescalado/esp/etiquetas.txt
dataset_grupo_3_reescalado/esp/esp_009.jpg,1,dataset_grupo_3_reescalado,esp,dataset_grupo_3_reescalado/esp/etiquetas.txt
dataset_grupo_3_reescalado/esp/esp_111.jpg,1,dataset_grupo_3_reescalado,esp,dataset_grupo_3_reescalado/esp/etiquetas.txt
dataset_grupo_8_reescalado/esp/esp_0201.png,1,dataset_grupo_8_reescalado,esp,dataset_grupo_8_reescalado/esp/etiquetas.txt
dataset_grupo_8_reescalado/esp/esp_0587.png,0,dataset_grupo_8_reescalado,esp,dataset_grupo_8_reescalado/esp/etiquetas.txt
dataset_grupo_4_reescalado/esp/capture_20260422_202905_780324.jpg,1,dataset_grupo_4_reescalado,esp,dataset_grupo_4_reescalado/esp/etiquetas.txt
dataset_grupo_8_reescalado/esp/esp_0344.png,0,dataset_grupo_8_reescalado,esp,dataset_grupo_8_reescalado/esp/etiquetas.txt
dataset_grupo_3_reescalado/esp/esp_098.jpg,1,dataset_grupo_3_reescalado,esp,dataset_grupo_3_reescalado/esp/etiquetas.txt
dataset_grupo_6_reescalado/esp/esp_32_172.jpg,0,dataset_grupo_6_reescalado,esp,dataset_grupo_6_reescalado/esp/etiquetas.txt
dataset_grupo_4_reescalado/esp/capture_20260422_201158_433983.jpg,1,dataset_grupo_4_reescalado,esp,dataset_grupo_4_reescalado/esp/etiquetas.txt
dataset_grupo_6_reescalado/esp/esp_32_85.jpg,1,dataset_grupo_6_reescalado,esp,dataset_grupo_6_reescalado/esp/etiquetas.txt
dataset_grupo_8_reescalado/esp/esp_0119.png,0,dataset_grupo_8_reescalado,esp,dataset_grupo_8_reescalado/esp/etiquetas.txt
dataset_grupo_8_reescalado/esp/esp_0245.png,0,dataset_grupo_8_reescalado,esp,dataset_grupo_8_reescalado/esp/etiquetas.txt
dataset_grupo_8_reescalado/esp/esp_0363.png,1,dataset_grupo_8_reescalado,esp,dataset_grupo_8_reescalado/esp/etiquetas.txt
dataset_grupo_4_reescalado/esp/capture_20260422_202331_869845.jpg,0,dataset_grupo_4_reescalado,esp,dataset_grupo_4_reescalado/esp/etiquetas.txt
dataset_grupo_8_reescalado/esp/esp_0213.png,0,dataset_grupo_8_reescalado,esp,dataset_grupo_8_reescalado/esp/etiquetas.txt
dataset_grupo_4_reescalado/esp/capture_20260422_203004_204162.jpg,1,dataset_grupo_4_reescalado,esp,dataset_grupo_4_reescalado/esp/etiquetas.txt
dataset_grupo_4_reescalado/esp/capture_20260422_202918_595553.jpg,1,dataset_grupo_4_reescalado,esp,dataset_grupo_4_reescalado/esp/etiquetas.txt
dataset_grupo_4_reescalado/esp/capture_20260422_202755_877060.jpg,1,dataset_grupo_4_reescalado,esp,dataset_grupo_4_reescalado/esp/etiquetas.txt
dataset_grupo_8_reescalado/esp/esp_0561.png,1,dataset_grupo_8_reescalado,esp,dataset_grupo_8_reescalado/esp/etiquetas.txt
dataset_grupo_4_reescalado/esp/capture_20260422_202916_011088.jpg,0,dataset_grupo_4_reescalado,esp,dataset_grupo_4_reescalado/esp/etiquetas.txt
dataset_grupo_8_reescalado/esp/esp_0510.png,1,dataset_grupo_8_reescalado,esp,dataset_grupo_8_reescalado/esp/etiquetas.txt
dataset_grupo_4_reescalado/esp/capture_20260422_202916_306944.jpg,1,dataset_grupo_4_reescalado,esp,dataset_grupo_4_reescalado/esp/etiquetas.txt
dataset_grupo_3_reescalado/esp/esp_060.jpg,1,dataset_grupo_3_reescalado,esp,dataset_grupo_3_reescalado/esp/etiquetas.txt
dataset_grupo_6_reescalado/esp/esp_32_205.jpg,0,dataset_grupo_6_reescalado,esp,dataset_grupo_6_reescalado/esp/etiquetas.txt
dataset_grupo_4_reescalado/esp/capture_20260422_201007_518791.jpg,1,dataset_grupo_4_reescalado,esp,dataset_grupo_4_reescalado/esp/etiquetas.txt
dataset_grupo_4_reescalado/esp/capture_20260422_202940_858379.jpg,1,dataset_grupo_4_reescalado,esp,dataset_grupo_4_reescalado/esp/etiquetas.txt
dataset_grupo_6_reescalado/esp/esp_32_47.jpg,1,dataset_grupo_6_reescalado,esp,dataset_grupo_6_reescalado/esp/etiquetas.txt
dataset_grupo_8_reescalado/esp/esp_0473.png,0,dataset_grupo_8_reescalado,esp,dataset_grupo_8_reescalado/esp/etiquetas.txt
dataset_grupo_4_reescalado/esp/capture_20260422_200711_890038.jpg,0,dataset_grupo_4_reescalado,esp,dataset_grupo_4_reescalado/esp/etiquetas.txt
dataset_grupo_6_reescalado/esp/esp_32_74.jpg,1,dataset_grupo_6_reescalado,esp,dataset_grupo_6_reescalado/esp/etiquetas.txt
dataset_grupo_4_reescalado/esp/capture_20260422_201012_561351.jpg,1,dataset_grupo_4_reescalado,esp,dataset_grupo_4_reescalado/esp/etiquetas.txt
dataset_grupo_3_reescalado/esp/esp_137.jpg,1,dataset_grupo_3_reescalado,esp,dataset_grupo_3_reescalado/esp/etiquetas.txt
dataset_grupo_4_reescalado/esp/capture_20260422_202836_797182.jpg,0,dataset_grupo_4_reescalado,esp,dataset_grupo_4_reescalado/esp/etiquetas.txt
dataset_grupo_3_reescalado/esp/esp_005.jpg,1,dataset_grupo_3_reescalado,esp,dataset_grupo_3_reescalado/esp/etiquetas.txt
dataset_grupo_3_reescalado/esp/esp_001.jpg,1,dataset_grupo_3_reescalado,esp,dataset_grupo_3_reescalado/esp/etiquetas.txt
dataset_grupo_6_reescalado/esp/esp_32_62.jpg,0,dataset_grupo_6_reescalado,esp,dataset_grupo_6_reescalado/esp/etiquetas.txt
dataset_grupo_8_reescalado/esp/esp_0152.png,0,dataset_grupo_8_reescalado,esp,dataset_grupo_8_reescalado/esp/etiquetas.txt
dataset_grupo_8_reescalado/esp/esp_0112.png,1,dataset_grupo_8_reescalado,esp,dataset_grupo_8_reescalado/esp/etiquetas.txt
dataset_grupo_6_reescalado/esp/esp_32_142.jpg,1,dataset_grupo_6_reescalado,esp,dataset_grupo_6_reescalado/esp/etiquetas.txt
dataset_grupo_4_reescalado/esp/capture_20260422_195710_285758.jpg,1,dataset_grupo_4_reescalado,esp,dataset_grupo_4_reescalado/esp/etiquetas.txt
dataset_grupo_8_reescalado/esp/esp_0314.png,0,dataset_grupo_8_reescalado,esp,dataset_grupo_8_reescalado/esp/etiquetas.txt
dataset_grupo_8_reescalado/esp/esp_0081.png,0,dataset_grupo_8_reescalado,esp,dataset_grupo_8_reescalado/esp/etiquetas.txt
dataset_grupo_4_reescalado/esp/capture_20260422_202931_955378.jpg,1,dataset_grupo_4_reescalado,esp,dataset_grupo_4_reescalado/esp/etiquetas.txt
dataset_grupo_8_reescalado/esp/esp_0287.png,0,dataset_grupo_8_reescalado,esp,dataset_grupo_8_reescalado/esp/etiquetas.txt
dataset_grupo_8_reescalado/esp/esp_0113.png,0,dataset_grupo_8_reescalado,esp,dataset_grupo_8_reescalado/esp/etiquetas.txt
dataset_grupo_8_reescalado/esp/esp_0570.png,1,dataset_grupo_8_reescalado,esp,dataset_grupo_8_reescalado/esp/etiquetas.txt
dataset_grupo_8_reescalado/esp/esp_0014.png,0,dataset_grupo_8_reescalado,esp,dataset_grupo_8_reescalado/esp/etiquetas.txt
dataset_grupo_4_reescalado/esp/capture_20260422_203012_402798.jpg,0,dataset_grupo_4_reescalado,esp,dataset_grupo_4_reescalado/esp/etiquetas.txt
dataset_grupo_8_reescalado/esp/esp_0209.png,0,dataset_grupo_8_reescalado,esp,dataset_grupo_8_reescalado/esp/etiquetas.txt
dataset_grupo_8_reescalado/esp/esp_0097.png,0,dataset_grupo_8_reescalado,esp,dataset_grupo_8_reescalado/esp/etiquetas.txt
dataset_grupo_4_reescalado/esp/capture_20260422_202257_055013.jpg,0,dataset_grupo_4_reescalado,esp,dataset_grupo_4_reescalado/esp/etiquetas.txt
dataset_grupo_8_reescalado/esp/esp_0367.png,1,dataset_grupo_8_reescalado,esp,dataset_grupo_8_reescalado/esp/etiquetas.txt
dataset_grupo_8_reescalado/esp/esp_0069.png,0,dataset_grupo_8_reescalado,esp,dataset_grupo_8_reescalado/esp/etiquetas.txt
dataset_grupo_8_reescalado/esp/esp_0195.png,0,dataset_grupo_8_reescalado,esp,dataset_grupo_8_reescalado/esp/etiquetas.txt
dataset_grupo_8_reescalado/esp/esp_0447.png,1,dataset_grupo_8_reescalado,esp,dataset_grupo_8_reescalado/esp/etiquetas.txt
dataset_grupo_4_reescalado/esp/capture_20260422_203011_486511.jpg,1,dataset_grupo_4_reescalado,esp,dataset_grupo_4_reescalado/esp/etiquetas.txt
dataset_grupo_8_reescalado/esp/esp_0093.png,0,dataset_grupo_8_reescalado,esp,dataset_grupo_8_reescalado/esp/etiquetas.txt
dataset_grupo_3_reescalado/esp/esp_106.jpg,1,dataset_grupo_3_reescalado,esp,dataset_grupo_3_reescalado/esp/etiquetas.txt
dataset_grupo_6_reescalado/esp/esp_32_48.jpg,1,dataset_grupo_6_reescalado,esp,dataset_grupo_6_reescalado/esp/etiquetas.txt
dataset_grupo_8_reescalado/esp/esp_0290.png,1,dataset_grupo_8_reescalado,esp,dataset_grupo_8_reescalado/esp/etiquetas.txt
dataset_grupo_4_reescalado/esp/capture_20260422_202908_204078.jpg,1,dataset_grupo_4_reescalado,esp,dataset_grupo_4_reescalado/esp/etiquetas.txt
dataset_grupo_8_reescalado/esp/esp_0143.png,0,dataset_grupo_8_reescalado,esp,dataset_grupo_8_reescalado/esp/etiquetas.txt
dataset_grupo_3_reescalado/esp/esp_135.jpg,1,dataset_grupo_3_reescalado,esp,dataset_grupo_3_reescalado/esp/etiquetas.txt
dataset_grupo_3_reescalado/esp/esp_103.jpg,1,dataset_grupo_3_reescalado,esp,dataset_grupo_3_reescalado/esp/etiquetas.txt
dataset_grupo_8_reescalado/esp/esp_0115.png,0,dataset_grupo_8_reescalado,esp,dataset_grupo_8_reescalado/esp/etiquetas.txt
dataset_grupo_4_reescalado/esp/capture_20260422_203001_352529.jpg,1,dataset_grupo_4_reescalado,esp,dataset_grupo_4_reescalado/esp/etiquetas.txt
dataset_grupo_4_reescalado/esp/capture_20260422_202321_435536.jpg,0,dataset_grupo_4_reescalado,esp,dataset_grupo_4_reescalado/esp/etiquetas.txt
dataset_grupo_4_reescalado/esp/capture_20260422_195803_898789.jpg,0,dataset_grupo_4_reescalado,esp,dataset_grupo_4_reescalado/esp/etiquetas.txt
dataset_grupo_4_reescalado/esp/capture_20260422_201054_680105.jpg,0,dataset_grupo_4_reescalado,esp,dataset_grupo_4_reescalado/esp/etiquetas.txt
dataset_grupo_6_reescalado/esp/esp_32_144.jpg,1,dataset_grupo_6_reescalado,esp,dataset_grupo_6_reescalado/esp/etiquetas.txt
dataset_grupo_4_reescalado/esp/capture_20260422_202955_167677.jpg,0,dataset_grupo_4_reescalado,esp,dataset_grupo_4_reescalado/esp/etiquetas.txt
dataset_grupo_3_reescalado/esp/esp_066.jpg,1,dataset_grupo_3_reescalado,esp,dataset_grupo_3_reescalado/esp/etiquetas.txt
dataset_grupo_4_reescalado/esp/capture_20260422_202833_458784.jpg,1,dataset_grupo_4_reescalado,esp,dataset_grupo_4_reescalado/esp/etiquetas.txt
dataset_grupo_4_reescalado/esp/capture_20260422_202939_245653.jpg,0,dataset_grupo_4_reescalado,esp,dataset_grupo_4_reescalado/esp/etiquetas.txt
dataset_grupo_4_reescalado/esp/capture_20260422_202832_520246.jpg,1,dataset_grupo_4_reescalado,esp,dataset_grupo_4_reescalado/esp/etiquetas.txt
dataset_grupo_4_reescalado/esp/capture_20260422_202754_611656.jpg,1,dataset_grupo_4_reescalado,esp,dataset_grupo_4_reescalado/esp/etiquetas.txt
dataset_grupo_8_reescalado/esp/esp_0080.png,0,dataset_grupo_8_reescalado,esp,dataset_grupo_8_reescalado/esp/etiquetas.txt
dataset_grupo_6_reescalado/esp/esp_32_126.jpg,1,dataset_grupo_6_reescalado,esp,dataset_grupo_6_reescalado/esp/etiquetas.txt
dataset_grupo_6_reescalado/esp/esp_32_134.jpg,1,dataset_grupo_6_reescalado,esp,dataset_grupo_6_reescalado/esp/etiquetas.txt
dataset_grupo_8_reescalado/esp/esp_0001.png,0,dataset_grupo_8_reescalado,esp,dataset_grupo_8_reescalado/esp/etiquetas.txt
dataset_grupo_3_reescalado/esp/esp_076.jpg,1,dataset_grupo_3_reescalado,esp,dataset_grupo_3_reescalado/esp/etiquetas.txt
dataset_grupo_6_reescalado/esp/esp_32_55.jpg,1,dataset_grupo_6_reescalado,esp,dataset_grupo_6_reescalado/esp/etiquetas.txt
dataset_grupo_8_reescalado/esp/esp_0511.png,0,dataset_grupo_8_reescalado,esp,dataset_grupo_8_reescalado/esp/etiquetas.txt
dataset_grupo_3_reescalado/esp/esp_014.jpg,1,dataset_grupo_3_reescalado,esp,dataset_grupo_3_reescalado/esp/etiquetas.txt
dataset_grupo_4_reescalado/esp/capture_20260422_195925_976013.jpg,1,dataset_grupo_4_reescalado,esp,dataset_grupo_4_reescalado/esp/etiquetas.txt
dataset_grupo_8_reescalado/esp/esp_0250.png,0,dataset_grupo_8_reescalado,esp,dataset_grupo_8_reescalado/esp/etiquetas.txt
dataset_grupo_8_reescalado/esp/esp_0415.png,1,dataset_grupo_8_reescalado,esp,dataset_grupo_8_reescalado/esp/etiquetas.txt
dataset_grupo_8_reescalado/esp/esp_0463.png,1,dataset_grupo_8_reescalado,esp,dataset_grupo_8_reescalado/esp/etiquetas.txt
dataset_grupo_4_reescalado/esp/capture_20260422_202949_061093.jpg,1,dataset_grupo_4_reescalado,esp,dataset_grupo_4_reescalado/esp/etiquetas.txt
dataset_grupo_8_reescalado/esp/esp_0190.png,0,dataset_grupo_8_reescalado,esp,dataset_grupo_8_reescalado/esp/etiquetas.txt
dataset_grupo_4_reescalado/esp/capture_20260422_195715_801751.jpg,1,dataset_grupo_4_reescalado,esp,dataset_grupo_4_reescalado/esp/etiquetas.txt
dataset_grupo_4_reescalado/esp/capture_20260422_202311_118718.jpg,1,dataset_grupo_4_reescalado,esp,dataset_grupo_4_reescalado/esp/etiquetas.txt
dataset_grupo_3_reescalado/esp/esp_083.jpg,1,dataset_grupo_3_reescalado,esp,dataset_grupo_3_reescalado/esp/etiquetas.txt
dataset_grupo_4_reescalado/esp/capture_20260422_202258_454567.jpg,0,dataset_grupo_4_reescalado,esp,dataset_grupo_4_reescalado/esp/etiquetas.txt
dataset_grupo_8_reescalado/esp/esp_0018.png,0,dataset_grupo_8_reescalado,esp,dataset_grupo_8_reescalado/esp/etiquetas.txt
dataset_grupo_8_reescalado/esp/esp_0352.png,0,dataset_grupo_8_reescalado,esp,dataset_grupo_8_reescalado/esp/etiquetas.txt
dataset_grupo_6_reescalado/esp/esp_32_71.jpg,0,dataset_grupo_6_reescalado,esp,dataset_grupo_6_reescalado/esp/etiquetas.txt
dataset_grupo_4_reescalado/esp/capture_20260422_195658_913881.jpg,0,dataset_grupo_4_reescalado,esp,dataset_grupo_4_reescalado/esp/etiquetas.txt
dataset_grupo_8_reescalado/esp/esp_0497.png,1,dataset_grupo_8_reescalado,esp,dataset_grupo_8_reescalado/esp/etiquetas.txt
dataset_grupo_8_reescalado/esp/esp_0047.png,0,dataset_grupo_8_reescalado,esp,dataset_grupo_8_reescalado/esp/etiquetas.txt
dataset_grupo_4_reescalado/esp/capture_20260422_202803_390683.jpg,1,dataset_grupo_4_reescalado,esp,dataset_grupo_4_reescalado/esp/etiquetas.txt
dataset_grupo_8_reescalado/esp/esp_0536.png,1,dataset_grupo_8_reescalado,esp,dataset_grupo_8_reescalado/esp/etiquetas.txt
dataset_grupo_8_reescalado/esp/esp_0265.png,1,dataset_grupo_8_reescalado,esp,dataset_grupo_8_reescalado/esp/etiquetas.txt
dataset_grupo_4_reescalado/esp/capture_20260422_201147_834190.jpg,1,dataset_grupo_4_reescalado,esp,dataset_grupo_4_reescalado/esp/etiquetas.txt
dataset_grupo_6_reescalado/esp/esp_32_53.jpg,0,dataset_grupo_6_reescalado,esp,dataset_grupo_6_reescalado/esp/etiquetas.txt
dataset_grupo_8_reescalado/esp/esp_0432.png,1,dataset_grupo_8_reescalado,esp,dataset_grupo_8_reescalado/esp/etiquetas.txt
dataset_grupo_8_reescalado/esp/esp_0409.png,1,dataset_grupo_8_reescalado,esp,dataset_grupo_8_reescalado/esp/etiquetas.txt
dataset_grupo_8_reescalado/esp/esp_0236.png,0,dataset_grupo_8_reescalado,esp,dataset_grupo_8_reescalado/esp/etiquetas.txt
dataset_grupo_4_reescalado/esp/capture_20260422_202925_931011.jpg,1,dataset_grupo_4_reescalado,esp,dataset_grupo_4_reescalado/esp/etiquetas.txt
dataset_grupo_8_reescalado/esp/esp_0412.png,1,dataset_grupo_8_reescalado,esp,dataset_grupo_8_reescalado/esp/etiquetas.txt
dataset_grupo_6_reescalado/esp/esp_32_60.jpg,1,dataset_grupo_6_reescalado,esp,dataset_grupo_6_reescalado/esp/etiquetas.txt
dataset_grupo_8_reescalado/esp/esp_0016.png,0,dataset_grupo_8_reescalado,esp,dataset_grupo_8_reescalado/esp/etiquetas.txt
dataset_grupo_3_reescalado/esp/esp_119.jpg,1,dataset_grupo_3_reescalado,esp,dataset_grupo_3_reescalado/esp/etiquetas.txt
dataset_grupo_8_reescalado/esp/esp_0461.png,1,dataset_grupo_8_reescalado,esp,dataset_grupo_8_reescalado/esp/etiquetas.txt
dataset_grupo_8_reescalado/esp/esp_0537.png,1,dataset_grupo_8_reescalado,esp,dataset_grupo_8_reescalado/esp/etiquetas.txt
dataset_grupo_4_reescalado/esp/capture_20260422_202956_545595.jpg,0,dataset_grupo_4_reescalado,esp,dataset_grupo_4_reescalado/esp/etiquetas.txt
dataset_grupo_4_reescalado/esp/capture_20260422_202924_414622.jpg,1,dataset_grupo_4_reescalado,esp,dataset_grupo_4_reescalado/esp/etiquetas.txt
dataset_grupo_4_reescalado/esp/capture_20260422_202753_468346.jpg,1,dataset_grupo_4_reescalado,esp,dataset_grupo_4_reescalado/esp/etiquetas.txt
dataset_grupo_3_reescalado/esp/esp_125.jpg,1,dataset_grupo_3_reescalado,esp,dataset_grupo_3_reescalado/esp/etiquetas.txt
dataset_grupo_8_reescalado/esp/esp_0238.png,0,dataset_grupo_8_reescalado,esp,dataset_grupo_8_reescalado/esp/etiquetas.txt
dataset_grupo_8_reescalado/esp/esp_0308.png,1,dataset_grupo_8_reescalado,esp,dataset_grupo_8_reescalado/esp/etiquetas.txt
dataset_grupo_3_reescalado/esp/esp_065.jpg,1,dataset_grupo_3_reescalado,esp,dataset_grupo_3_reescalado/esp/etiquetas.txt
dataset_grupo_8_reescalado/esp/esp_0185.png,0,dataset_grupo_8_reescalado,esp,dataset_grupo_8_reescalado/esp/etiquetas.txt
dataset_grupo_4_reescalado/esp/capture_20260422_202323_781906.jpg,1,dataset_grupo_4_reescalado,esp,dataset_grupo_4_reescalado/esp/etiquetas.txt
dataset_grupo_8_reescalado/esp/esp_0098.png,0,dataset_grupo_8_reescalado,esp,dataset_grupo_8_reescalado/esp/etiquetas.txt
dataset_grupo_8_reescalado/esp/esp_0026.png,0,dataset_grupo_8_reescalado,esp,dataset_grupo_8_reescalado/esp/etiquetas.txt
dataset_grupo_6_reescalado/esp/esp_32_75.jpg,1,dataset_grupo_6_reescalado,esp,dataset_grupo_6_reescalado/esp/etiquetas.txt
dataset_grupo_4_reescalado/esp/capture_20260422_202903_790061.jpg,1,dataset_grupo_4_reescalado,esp,dataset_grupo_4_reescalado/esp/etiquetas.txt
dataset_grupo_4_reescalado/esp/capture_20260422_202912_631862.jpg,1,dataset_grupo_4_reescalado,esp,dataset_grupo_4_reescalado/esp/etiquetas.txt
dataset_grupo_4_reescalado/esp/capture_20260422_202930_540733.jpg,1,dataset_grupo_4_reescalado,esp,dataset_grupo_4_reescalado/esp/etiquetas.txt
dataset_grupo_6_reescalado/esp/esp_32_41.jpg,0,dataset_grupo_6_reescalado,esp,dataset_grupo_6_reescalado/esp/etiquetas.txt
dataset_grupo_6_reescalado/esp/esp_32_176.jpg,0,dataset_grupo_6_reescalado,esp,dataset_grupo_6_reescalado/esp/etiquetas.txt
dataset_grupo_3_reescalado/esp/esp_101.jpg,1,dataset_grupo_3_reescalado,esp,dataset_grupo_3_reescalado/esp/etiquetas.txt
dataset_grupo_6_reescalado/esp/esp_32_199.jpg,1,dataset_grupo_6_reescalado,esp,dataset_grupo_6_reescalado/esp/etiquetas.txt
dataset_grupo_4_reescalado/esp/capture_20260422_195836_642350.jpg,0,dataset_grupo_4_reescalado,esp,dataset_grupo_4_reescalado/esp/etiquetas.txt
dataset_grupo_6_reescalado/esp/esp_32_201.jpg,1,dataset_grupo_6_reescalado,esp,dataset_grupo_6_reescalado/esp/etiquetas.txt
dataset_grupo_4_reescalado/esp/capture_20260422_202832_945361.jpg,1,dataset_grupo_4_reescalado,esp,dataset_grupo_4_reescalado/esp/etiquetas.txt
dataset_grupo_4_reescalado/esp/capture_20260422_202945_463629.jpg,1,dataset_grupo_4_reescalado,esp,dataset_grupo_4_reescalado/esp/etiquetas.txt
dataset_grupo_3_reescalado/esp/esp_055.jpg,1,dataset_grupo_3_reescalado,esp,dataset_grupo_3_reescalado/esp/etiquetas.txt
dataset_grupo_6_reescalado/esp/esp_32_14.jpg,0,dataset_grupo_6_reescalado,esp,dataset_grupo_6_reescalado/esp/etiquetas.txt
dataset_grupo_8_reescalado/esp/esp_0400.png,1,dataset_grupo_8_reescalado,esp,dataset_grupo_8_reescalado/esp/etiquetas.txt
