image_path,label,group,source,label_file
dataset_grupo_4_reescalado\esp\capture_20260422_201224_347672.jpg,1,dataset_grupo_4_reescalado,esp,dataset_grupo_4_reescalado\esp\etiquetas.txt
dataset_grupo_99_reescalado\esp\esp_0112.png,0,dataset_grupo_99_reescalado,esp,dataset_grupo_99_reescalado\esp\etiquetas.txt
dataset_grupo_4_reescalado\esp\capture_20260422_202258_189407.jpg,0,dataset_grupo_4_reescalado,esp,dataset_grupo_4_reescalado\esp\etiquetas.txt
dataset_grupo_3_reescalado\esp\esp_037.jpg,1,dataset_grupo_3_reescalado,esp,dataset_grupo_3_reescalado\esp\etiquetas.txt
dataset_grupo_4_reescalado\esp\capture_20260422_202257_055013.jpg,0,dataset_grupo_4_reescalado,esp,dataset_grupo_4_reescalado\esp\etiquetas.txt
dataset_grupo_3_reescalado\esp\esp_092.jpg,1,dataset_grupo_3_reescalado,esp,dataset_grupo_3_reescalado\esp\etiquetas.txt
dataset_grupo_99_reescalado\esp\esp_0055.png,0,dataset_grupo_99_reescalado,esp,dataset_grupo_99_reescalado\esp\etiquetas.txt
dataset_grupo_4_reescalado\esp\capture_20260422_195831_010663.jpg,1,dataset_grupo_4_reescalado,esp,dataset_grupo_4_reescalado\esp\etiquetas.txt
dataset_grupo_8_reescalado\esp\esp_0187.png,0,dataset_grupo_8_reescalado,esp,dataset_grupo_8_reescalado\esp\etiquetas.txt
dataset_grupo_8_reescalado\esp\esp_0474.png,1,dataset_grupo_8_reescalado,esp,dataset_grupo_8_reescalado\esp\etiquetas.txt
dataset_grupo_8_reescalado\esp\esp_0421.png,1,dataset_grupo_8_reescalado,esp,dataset_grupo_8_reescalado\esp\etiquetas.txt
dataset_grupo_99_reescalado\esp\esp_0240.png,0,dataset_grupo_99_reescalado,esp,dataset_grupo_99_reescalado\esp\etiquetas.txt
dataset_grupo_8_reescalado\esp\esp_0150.png,0,dataset_grupo_8_reescalado,esp,dataset_grupo_8_reescalado\esp\etiquetas.txt
dataset_grupo_8_reescalado\esp\esp_0428.png,1,dataset_grupo_8_reescalado,esp,dataset_grupo_8_reescalado\esp\etiquetas.txt
dataset_grupo_4_reescalado\esp\capture_20260422_202811_934902.jpg,1,dataset_grupo_4_reescalado,esp,dataset_grupo_4_reescalado\esp\etiquetas.txt
dataset_grupo_99_reescalado\esp\esp_0024.png,0,dataset_grupo_99_reescalado,esp,dataset_grupo_99_reescalado\esp\etiquetas.txt
dataset_grupo_3_reescalado\esp\esp_021.jpg,1,dataset_grupo_3_reescalado,esp,dataset_grupo_3_reescalado\esp\etiquetas.txt
dataset_grupo_8_reescalado\esp\esp_0284.png,0,dataset_grupo_8_reescalado,esp,dataset_grupo_8_reescalado\esp\etiquetas.txt
dataset_grupo_4_reescalado\esp\capture_20260422_202946_721432.jpg,1,dataset_grupo_4_reescalado,esp,dataset_grupo_4_reescalado\esp\etiquetas.txt
dataset_grupo_3_reescalado\esp\esp_145.jpg,1,dataset_grupo_3_reescalado,esp,dataset_grupo_3_reescalado\esp\etiquetas.txt
dataset_grupo_4_reescalado\esp\capture_20260422_202311_717395.jpg,1,dataset_grupo_4_reescalado,esp,dataset_grupo_4_reescalado\esp\etiquetas.txt
dataset_grupo_6_reescalado\esp\esp_32_67.jpg,1,dataset_grupo_6_reescalado,esp,dataset_grupo_6_reescalado\esp\etiquetas.txt
dataset_grupo_8_reescalado\esp\esp_0268.png,1,dataset_grupo_8_reescalado,esp,dataset_grupo_8_reescalado\esp\etiquetas.txt
dataset_grupo_6_reescalado\esp\esp_32_10.jpg,0,dataset_grupo_6_reescalado,esp,dataset_grupo_6_reescalado\esp\etiquetas.txt
dataset_grupo_4_reescalado\esp\capture_20260422_203015_426597.jpg,0,dataset_grupo_4_reescalado,esp,dataset_grupo_4_reescalado\esp\etiquetas.txt
dataset_grupo_8_reescalado\esp\esp_0496.png,1,dataset_grupo_8_reescalado,esp,dataset_grupo_8_reescalado\esp\etiquetas.txt
dataset_grupo_4_reescalado\esp\capture_20260422_202949_994447.jpg,0,dataset_grupo_4_reescalado,esp,dataset_grupo_4_reescalado\esp\etiquetas.txt
dataset_grupo_4_reescalado\esp\capture_20260422_202753_133718.jpg,1,dataset_grupo_4_reescalado,esp,dataset_grupo_4_reescalado\esp\etiquetas.txt
dataset_grupo_99_reescalado\esp\esp_0052.png,0,dataset_grupo_99_reescalado,esp,dataset_grupo_99_reescalado\esp\etiquetas.txt
dataset_grupo_8_reescalado\esp\esp_0483.png,1,dataset_grupo_8_reescalado,esp,dataset_grupo_8_reescalado\esp\etiquetas.txt
dataset_grupo_99_reescalado\esp\esp_0165.png,0,dataset_grupo_99_reescalado,esp,dataset_grupo_99_reescalado\esp\etiquetas.txt
dataset_grupo_99_reescalado\esp\esp_0184.png,0,dataset_grupo_99_reescalado,esp,dataset_grupo_99_reescalado\esp\etiquetas.txt
dataset_grupo_4_reescalado\esp\capture_20260422_195847_690692.jpg,1,dataset_grupo_4_reescalado,esp,dataset_grupo_4_reescalado\esp\etiquetas.txt
dataset_grupo_99_reescalado\esp\esp_0021.png,0,dataset_grupo_99_reescalado,esp,dataset_grupo_99_reescalado\esp\etiquetas.txt
dataset_grupo_6_reescalado\esp\esp_32_89.jpg,0,dataset_grupo_6_reescalado,esp,dataset_grupo_6_reescalado\esp\etiquetas.txt
dataset_grupo_4_reescalado\esp\capture_20260422_202311_419658.jpg,1,dataset_grupo_4_reescalado,esp,dataset_grupo_4_reescalado\esp\etiquetas.txt
dataset_grupo_6_reescalado\esp\esp_32_143.jpg,1,dataset_grupo_6_reescalado,esp,dataset_grupo_6_reescalado\esp\etiquetas.txt
dataset_grupo_4_reescalado\esp\capture_20260422_203021_183939.jpg,0,dataset_grupo_4_reescalado,esp,dataset_grupo_4_reescalado\esp\etiquetas.txt
dataset_grupo_99_reescalado\esp\esp_0211.png,0,dataset_grupo_99_reescalado,esp,dataset_grupo_99_reescalado\esp\etiquetas.txt
dataset_grupo_4_reescalado\esp\capture_20260422_203013_912407.jpg,0,dataset_grupo_4_reescalado,esp,dataset_grupo_4_reescalado\esp\etiquetas.txt
dataset_grupo_8_reescalado\esp\esp_0319.png,1,dataset_grupo_8_reescalado,esp,dataset_grupo_8_reescalado\esp\etiquetas.txt
dataset_grupo_6_reescalado\esp\esp_32_11.jpg,0,dataset_grupo_6_reescalado,esp,dataset_grupo_6_reescalado\esp\etiquetas.txt
dataset_grupo_4_reescalado\esp\capture_20260422_202754_073633.jpg,1,dataset_grupo_4_reescalado,esp,dataset_grupo_4_reescalado\esp\etiquetas.txt
dataset_grupo_8_reescalado\esp\esp_0313.png,1,dataset_grupo_8_reescalado,esp,dataset_grupo_8_reescalado\esp\etiquetas.txt
dataset_grupo_4_reescalado\esp\capture_20260422_202937_100872.jpg,0,dataset_grupo_4_reescalado,esp,dataset_grupo_4_reescalado\esp\etiquetas.txt
dataset_grupo_6_reescalado\esp\esp_32_64.jpg,1,dataset_grupo_6_reescalado,esp,dataset_grupo_6_reescalado\esp\etiquetas.txt
dataset_grupo_4_reescalado\esp\capture_20260422_195820_162881.jpg,1,dataset_grupo_4_reescalado,esp,dataset_grupo_4_reescalado\esp\etiquetas.txt
dataset_grupo_8_reescalado\esp\esp_0010.png,0,dataset_grupo_8_reescalado,esp,dataset_grupo_8_reescalado\esp\etiquetas.txt
dataset_grupo_6_reescalado\esp\esp_32_125.jpg,1,dataset_grupo_6_reescalado,esp,dataset_grupo_6_reescalado\esp\etiquetas.txt
dataset_grupo_8_reescalado\esp\esp_0440.png,1,dataset_grupo_8_reescalado,esp,dataset_grupo_8_reescalado\esp\etiquetas.txt
dataset_grupo_3_reescalado\esp\esp_101.jpg,1,dataset_grupo_3_reescalado,esp,dataset_grupo_3_reescalado\esp\etiquetas.txt
dataset_grupo_4_reescalado\esp\capture_20260422_202936_792687.jpg,1,dataset_grupo_4_reescalado,esp,dataset_grupo_4_reescalado\esp\etiquetas.txt
dataset_grupo_8_reescalado\esp\esp_0125.png,0,dataset_grupo_8_reescalado,esp,dataset_grupo_8_reescalado\esp\etiquetas.txt
dataset_grupo_4_reescalado\esp\capture_20260422_202930_851026.jpg,1,dataset_grupo_4_reescalado,esp,dataset_grupo_4_reescalado\esp\etiquetas.txt
dataset_grupo_3_reescalado\esp\esp_130.jpg,1,dataset_grupo_3_reescalado,esp,dataset_grupo_3_reescalado\esp\etiquetas.txt
dataset_grupo_99_reescalado\esp\esp_0218.png,0,dataset_grupo_99_reescalado,esp,dataset_grupo_99_reescalado\esp\etiquetas.txt
dataset_grupo_99_reescalado\esp\esp_0014.png,0,dataset_grupo_99_reescalado,esp,dataset_grupo_99_reescalado\esp\etiquetas.txt
dataset_grupo_4_reescalado\esp\capture_20260422_202941_247647.jpg,1,dataset_grupo_4_reescalado,esp,dataset_grupo_4_reescalado\esp\etiquetas.txt
dataset_grupo_4_reescalado\esp\capture_20260422_202938_641094.jpg,0,dataset_grupo_4_reescalado,esp,dataset_grupo_4_reescalado\esp\etiquetas.txt
dataset_grupo_3_reescalado\esp\esp_070.jpg,1,dataset_grupo_3_reescalado,esp,dataset_grupo_3_reescalado\esp\etiquetas.txt
dataset_grupo_99_reescalado\esp\esp_0002.png,0,dataset_grupo_99_reescalado,esp,dataset_grupo_99_reescalado\esp\etiquetas.txt
dataset_grupo_6_reescalado\esp\esp_32_80.jpg,1,dataset_grupo_6_reescalado,esp,dataset_grupo_6_reescalado\esp\etiquetas.txt
dataset_grupo_8_reescalado\esp\esp_0328.png,1,dataset_grupo_8_reescalado,esp,dataset_grupo_8_reescalado\esp\etiquetas.txt
dataset_grupo_8_reescalado\esp\esp_0233.png,0,dataset_grupo_8_reescalado,esp,dataset_grupo_8_reescalado\esp\etiquetas.txt
dataset_grupo_8_reescalado\esp\esp_0186.png,0,dataset_grupo_8_reescalado,esp,dataset_grupo_8_reescalado\esp\etiquetas.txt
dataset_grupo_4_reescalado\esp\capture_20260422_195615_013726.jpg,0,dataset_grupo_4_reescalado,esp,dataset_grupo_4_reescalado\esp\etiquetas.txt
dataset_grupo_8_reescalado\esp\esp_0547.png,1,dataset_grupo_8_reescalado,esp,dataset_grupo_8_reescalado\esp\etiquetas.txt
dataset_grupo_3_reescalado\esp\esp_084.jpg,1,dataset_grupo_3_reescalado,esp,dataset_grupo_3_reescalado\esp\etiquetas.txt
dataset_grupo_99_reescalado\esp\esp_0187.png,0,dataset_grupo_99_reescalado,esp,dataset_grupo_99_reescalado\esp\etiquetas.txt
dataset_grupo_8_reescalado\esp\esp_0434.png,1,dataset_grupo_8_reescalado,esp,dataset_grupo_8_reescalado\esp\etiquetas.txt
dataset_grupo_4_reescalado\esp\capture_20260422_202325_836916.jpg,1,dataset_grupo_4_reescalado,esp,dataset_grupo_4_reescalado\esp\etiquetas.txt
dataset_grupo_8_reescalado\esp\esp_0053.png,0,dataset_grupo_8_reescalado,esp,dataset_grupo_8_reescalado\esp\etiquetas.txt
dataset_grupo_8_reescalado\esp\esp_0433.png,1,dataset_grupo_8_reescalado,esp,dataset_grupo_8_reescalado\esp\etiquetas.txt
dataset_grupo_99_reescalado\esp\esp_0051.png,0,dataset_grupo_99_reescalado,esp,dataset_grupo_99_reescalado\esp\etiquetas.txt
dataset_grupo_8_reescalado\esp\esp_0244.png,0,dataset_grupo_8_reescalado,esp,dataset_grupo_8_reescalado\esp\etiquetas.txt
dataset_grupo_4_reescalado\esp\capture_20260422_202905_170459.jpg,1,dataset_grupo_4_reescalado,esp,dataset_grupo_4_reescalado\esp\etiquetas.txt
dataset_grupo_99_reescalado\esp\esp_0116.png,0,dataset_grupo_99_reescalado,esp,dataset_grupo_99_reescalado\esp\etiquetas.txt
dataset_grupo_6_reescalado\esp\esp_32_187.jpg,0,dataset_grupo_6_reescalado,esp,dataset_grupo_6_reescalado\esp\etiquetas.txt
dataset_grupo_8_reescalado\esp\esp_0415.png,1,dataset_grupo_8_reescalado,esp,dataset_grupo_8_reescalado\esp\etiquetas.txt
dataset_grupo_4_reescalado\esp\capture_20260422_202328_813496.jpg,1,dataset_grupo_4_reescalado,esp,dataset_grupo_4_reescalado\esp\etiquetas.txt
dataset_grupo_8_reescalado\esp\esp_0556.png,1,dataset_grupo_8_reescalado,esp,dataset_grupo_8_reescalado\esp\etiquetas.txt
dataset_grupo_8_reescalado\esp\esp_0378.png,1,dataset_grupo_8_reescalado,esp,dataset_grupo_8_reescalado\esp\etiquetas.txt
dataset_grupo_4_reescalado\esp\capture_20260422_202816_967139.jpg,1,dataset_grupo_4_reescalado,esp,dataset_grupo_4_reescalado\esp\etiquetas.txt
dataset_grupo_4_reescalado\esp\capture_20260422_201131_818816.jpg,1,dataset_grupo_4_reescalado,esp,dataset_grupo_4_reescalado\esp\etiquetas.txt
dataset_grupo_6_reescalado\esp\esp_32_36.jpg,1,dataset_grupo_6_reescalado,esp,dataset_grupo_6_reescalado\esp\etiquetas.txt
dataset_grupo_99_reescalado\esp\esp_0063.png,0,dataset_grupo_99_reescalado,esp,dataset_grupo_99_reescalado\esp\etiquetas.txt
dataset_grupo_3_reescalado\esp\esp_119.jpg,1,dataset_grupo_3_reescalado,esp,dataset_grupo_3_reescalado\esp\etiquetas.txt
dataset_grupo_4_reescalado\esp\capture_20260422_202751_391737.jpg,1,dataset_grupo_4_reescalado,esp,dataset_grupo_4_reescalado\esp\etiquetas.txt
dataset_grupo_4_reescalado\esp\capture_20260422_202957_744539.jpg,0,dataset_grupo_4_reescalado,esp,dataset_grupo_4_reescalado\esp\etiquetas.txt
dataset_grupo_4_reescalado\esp\capture_20260422_201100_098685.jpg,1,dataset_grupo_4_reescalado,esp,dataset_grupo_4_reescalado\esp\etiquetas.txt
dataset_grupo_6_reescalado\esp\esp_32_148.jpg,1,dataset_grupo_6_reescalado,esp,dataset_grupo_6_reescalado\esp\etiquetas.txt
dataset_grupo_8_reescalado\esp\esp_0340.png,1,dataset_grupo_8_reescalado,esp,dataset_grupo_8_reescalado\esp\etiquetas.txt
dataset_grupo_6_reescalado\esp\esp_32_34.jpg,1,dataset_grupo_6_reescalado,esp,dataset_grupo_6_reescalado\esp\etiquetas.txt
dataset_grupo_8_reescalado\esp\esp_0419.png,1,dataset_grupo_8_reescalado,esp,dataset_grupo_8_reescalado\esp\etiquetas.txt
dataset_grupo_6_reescalado\esp\esp_32_61.jpg,0,dataset_grupo_6_reescalado,esp,dataset_grupo_6_reescalado\esp\etiquetas.txt
dataset_grupo_3_reescalado\esp\esp_104.jpg,1,dataset_grupo_3_reescalado,esp,dataset_grupo_3_reescalado\esp\etiquetas.txt
dataset_grupo_4_reescalado\esp\capture_20260422_202916_011088.jpg,0,dataset_grupo_4_reescalado,esp,dataset_grupo_4_reescalado\esp\etiquetas.txt
dataset_grupo_8_reescalado\esp\esp_0497.png,1,dataset_grupo_8_reescalado,esp,dataset_grupo_8_reescalado\esp\etiquetas.txt
dataset_grupo_3_reescalado\esp\esp_116.jpg,1,dataset_grupo_3_reescalado,esp,dataset_grupo_3_reescalado\esp\etiquetas.txt
dataset_grupo_99_reescalado\esp\esp_0098.png,0,dataset_grupo_99_reescalado,esp,dataset_grupo_99_reescalado\esp\etiquetas.txt
dataset_grupo_4_reescalado\esp\capture_20260422_200810_835366.jpg,0,dataset_grupo_4_reescalado,esp,dataset_grupo_4_reescalado\esp\etiquetas.txt
dataset_grupo_6_reescalado\esp\esp_32_81.jpg,0,dataset_grupo_6_reescalado,esp,dataset_grupo_6_reescalado\esp\etiquetas.txt
dataset_grupo_6_reescalado\esp\esp_32_98.jpg,0,dataset_grupo_6_reescalado,esp,dataset_grupo_6_reescalado\esp\etiquetas.txt
dataset_grupo_4_reescalado\esp\capture_20260422_202315_899231.jpg,1,dataset_grupo_4_reescalado,esp,dataset_grupo_4_reescalado\esp\etiquetas.txt
dataset_grupo_8_reescalado\esp\esp_0281.png,1,dataset_grupo_8_reescalado,esp,dataset_grupo_8_reescalado\esp\etiquetas.txt
dataset_grupo_6_reescalado\esp\esp_32_14.jpg,0,dataset_grupo_6_reescalado,esp,dataset_grupo_6_reescalado\esp\etiquetas.txt
dataset_grupo_8_reescalado\esp\esp_0229.png,0,dataset_grupo_8_reescalado,esp,dataset_grupo_8_reescalado\esp\etiquetas.txt
dataset_grupo_8_reescalado\esp\esp_0487.png,1,dataset_grupo_8_reescalado,esp,dataset_grupo_8_reescalado\esp\etiquetas.txt
dataset_grupo_8_reescalado\esp\esp_0369.png,1,dataset_grupo_8_reescalado,esp,dataset_grupo_8_reescalado\esp\etiquetas.txt
dataset_grupo_4_reescalado\esp\capture_20260422_202748_405398.jpg,1,dataset_grupo_4_reescalado,esp,dataset_grupo_4_reescalado\esp\etiquetas.txt
dataset_grupo_99_reescalado\esp\esp_0105.png,0,dataset_grupo_99_reescalado,esp,dataset_grupo_99_reescalado\esp\etiquetas.txt
dataset_grupo_8_reescalado\esp\esp_0273.png,1,dataset_grupo_8_reescalado,esp,dataset_grupo_8_reescalado\esp\etiquetas.txt
dataset_grupo_6_reescalado\esp\esp_32_150.jpg,1,dataset_grupo_6_reescalado,esp,dataset_grupo_6_reescalado\esp\etiquetas.txt
dataset_grupo_4_reescalado\esp\capture_20260422_202252_304552.jpg,0,dataset_grupo_4_reescalado,esp,dataset_grupo_4_reescalado\esp\etiquetas.txt
dataset_grupo_8_reescalado\esp\esp_0322.png,1,dataset_grupo_8_reescalado,esp,dataset_grupo_8_reescalado\esp\etiquetas.txt
dataset_grupo_4_reescalado\esp\capture_20260422_201012_561351.jpg,1,dataset_grupo_4_reescalado,esp,dataset_grupo_4_reescalado\esp\etiquetas.txt
dataset_grupo_6_reescalado\esp\esp_32_7.jpg,1,dataset_grupo_6_reescalado,esp,dataset_grupo_6_reescalado\esp\etiquetas.txt
dataset_grupo_8_reescalado\esp\esp_0465.png,1,dataset_grupo_8_reescalado,esp,dataset_grupo_8_reescalado\esp\etiquetas.txt
dataset_grupo_8_reescalado\esp\esp_0516.png,0,dataset_grupo_8_reescalado,esp,dataset_grupo_8_reescalado\esp\etiquetas.txt
dataset_grupo_6_reescalado\esp\esp_32_139.jpg,1,dataset_grupo_6_reescalado,esp,dataset_grupo_6_reescalado\esp\etiquetas.txt
dataset_grupo_8_reescalado\esp\esp_0253.png,0,dataset_grupo_8_reescalado,esp,dataset_grupo_8_reescalado\esp\etiquetas.txt
dataset_grupo_8_reescalado\esp\esp_0439.png,1,dataset_grupo_8_reescalado,esp,dataset_grupo_8_reescalado\esp\etiquetas.txt
dataset_grupo_8_reescalado\esp\esp_0292.png,1,dataset_grupo_8_reescalado,esp,dataset_grupo_8_reescalado\esp\etiquetas.txt
dataset_grupo_8_reescalado\esp\esp_0407.png,0,dataset_grupo_8_reescalado,esp,dataset_grupo_8_reescalado\esp\etiquetas.txt
dataset_grupo_8_reescalado\esp\esp_0537.png,1,dataset_grupo_8_reescalado,esp,dataset_grupo_8_reescalado\esp\etiquetas.txt
dataset_grupo_6_reescalado\esp\esp_32_30.jpg,0,dataset_grupo_6_reescalado,esp,dataset_grupo_6_reescalado\esp\etiquetas.txt
dataset_grupo_99_reescalado\esp\esp_0037.png,0,dataset_grupo_99_reescalado,esp,dataset_grupo_99_reescalado\esp\etiquetas.txt
dataset_grupo_6_reescalado\esp\esp_32_164.jpg,0,dataset_grupo_6_reescalado,esp,dataset_grupo_6_reescalado\esp\etiquetas.txt
dataset_grupo_3_reescalado\esp\esp_045.jpg,1,dataset_grupo_3_reescalado,esp,dataset_grupo_3_reescalado\esp\etiquetas.txt
dataset_grupo_4_reescalado\esp\capture_20260422_202827_075693.jpg,1,dataset_grupo_4_reescalado,esp,dataset_grupo_4_reescalado\esp\etiquetas.txt
dataset_grupo_3_reescalado\esp\esp_114.jpg,1,dataset_grupo_3_reescalado,esp,dataset_grupo_3_reescalado\esp\etiquetas.txt
dataset_grupo_8_reescalado\esp\esp_0299.png,1,dataset_grupo_8_reescalado,esp,dataset_grupo_8_reescalado\esp\etiquetas.txt
dataset_grupo_8_reescalado\esp\esp_0346.png,1,dataset_grupo_8_reescalado,esp,dataset_grupo_8_reescalado\esp\etiquetas.txt
dataset_grupo_6_reescalado\esp\esp_32_138.jpg,1,dataset_grupo_6_reescalado,esp,dataset_grupo_6_reescalado\esp\etiquetas.txt
dataset_grupo_99_reescalado\esp\esp_0107.png,0,dataset_grupo_99_reescalado,esp,dataset_grupo_99_reescalado\esp\etiquetas.txt
dataset_grupo_4_reescalado\esp\capture_20260422_202238_151803.jpg,1,dataset_grupo_4_reescalado,esp,dataset_grupo_4_reescalado\esp\etiquetas.txt
dataset_grupo_8_reescalado\esp\esp_0591.png,1,dataset_grupo_8_reescalado,esp,dataset_grupo_8_reescalado\esp\etiquetas.txt
dataset_grupo_99_reescalado\esp\esp_0095.png,0,dataset_grupo_99_reescalado,esp,dataset_grupo_99_reescalado\esp\etiquetas.txt
dataset_grupo_8_reescalado\esp\esp_0008.png,0,dataset_grupo_8_reescalado,esp,dataset_grupo_8_reescalado\esp\etiquetas.txt
dataset_grupo_3_reescalado\esp\esp_082.jpg,1,dataset_grupo_3_reescalado,esp,dataset_grupo_3_reescalado\esp\etiquetas.txt
dataset_grupo_8_reescalado\esp\esp_0138.png,0,dataset_grupo_8_reescalado,esp,dataset_grupo_8_reescalado\esp\etiquetas.txt
dataset_grupo_6_reescalado\esp\esp_32_192.jpg,0,dataset_grupo_6_reescalado,esp,dataset_grupo_6_reescalado\esp\etiquetas.txt
dataset_grupo_99_reescalado\esp\esp_0149.png,0,dataset_grupo_99_reescalado,esp,dataset_grupo_99_reescalado\esp\etiquetas.txt
dataset_grupo_8_reescalado\esp\esp_0584.png,0,dataset_grupo_8_reescalado,esp,dataset_grupo_8_reescalado\esp\etiquetas.txt
dataset_grupo_4_reescalado\esp\capture_20260422_202324_504467.jpg,1,dataset_grupo_4_reescalado,esp,dataset_grupo_4_reescalado\esp\etiquetas.txt
dataset_grupo_99_reescalado\esp\esp_0274.png,0,dataset_grupo_99_reescalado,esp,dataset_grupo_99_reescalado\esp\etiquetas.txt
dataset_grupo_8_reescalado\esp\esp_0249.png,0,dataset_grupo_8_reescalado,esp,dataset_grupo_8_reescalado\esp\etiquetas.txt
dataset_grupo_4_reescalado\esp\capture_20260422_202947_818189.jpg,1,dataset_grupo_4_reescalado,esp,dataset_grupo_4_reescalado\esp\etiquetas.txt
dataset_grupo_4_reescalado\esp\capture_20260422_200930_859832.jpg,1,dataset_grupo_4_reescalado,esp,dataset_grupo_4_reescalado\esp\etiquetas.txt
dataset_grupo_8_reescalado\esp\esp_0172.png,0,dataset_grupo_8_reescalado,esp,dataset_grupo_8_reescalado\esp\etiquetas.txt
dataset_grupo_99_reescalado\esp\esp_0090.png,0,dataset_grupo_99_reescalado,esp,dataset_grupo_99_reescalado\esp\etiquetas.txt
dataset_grupo_8_reescalado\esp\esp_0031.png,0,dataset_grupo_8_reescalado,esp,dataset_grupo_8_reescalado\esp\etiquetas.txt
dataset_grupo_8_reescalado\esp\esp_0592.png,0,dataset_grupo_8_reescalado,esp,dataset_grupo_8_reescalado\esp\etiquetas.txt
dataset_grupo_4_reescalado\esp\capture_20260422_202307_733308.jpg,0,dataset_grupo_4_reescalado,esp,dataset_grupo_4_reescalado\esp\etiquetas.txt
dataset_grupo_8_reescalado\esp\esp_0175.png,0,dataset_grupo_8_reescalado,esp,dataset_grupo_8_reescalado\esp\etiquetas.txt
dataset_grupo_3_reescalado\esp\esp_133.jpg,1,dataset_grupo_3_reescalado,esp,dataset_grupo_3_reescalado\esp\etiquetas.txt
dataset_grupo_8_reescalado\esp\esp_0143.png,0,dataset_grupo_8_reescalado,esp,dataset_grupo_8_reescalado\esp\etiquetas.txt
dataset_grupo_99_reescalado\esp\esp_0027.png,0,dataset_grupo_99_reescalado,esp,dataset_grupo_99_reescalado\esp\etiquetas.txt
dataset_grupo_6_reescalado\esp\esp_32_195.jpg,0,dataset_grupo_6_reescalado,esp,dataset_grupo_6_reescalado\esp\etiquetas.txt
dataset_grupo_8_reescalado\esp\esp_0015.png,0,dataset_grupo_8_reescalado,esp,dataset_grupo_8_reescalado\esp\etiquetas.txt
dataset_grupo_99_reescalado\esp\esp_0213.png,0,dataset_grupo_99_reescalado,esp,dataset_grupo_99_reescalado\esp\etiquetas.txt
dataset_grupo_4_reescalado\esp\capture_20260422_195653_389077.jpg,1,dataset_grupo_4_reescalado,esp,dataset_grupo_4_reescalado\esp\etiquetas.txt
dataset_grupo_99_reescalado\esp\esp_0168.png,0,dataset_grupo_99_reescalado,esp,dataset_grupo_99_reescalado\esp\etiquetas.txt
dataset_grupo_8_reescalado\esp\esp_0416.png,1,dataset_grupo_8_reescalado,esp,dataset_grupo_8_reescalado\esp\etiquetas.txt
dataset_grupo_99_reescalado\esp\esp_0081.png,0,dataset_grupo_99_reescalado,esp,dataset_grupo_99_reescalado\esp\etiquetas.txt
dataset_grupo_8_reescalado\esp\esp_0132.png,0,dataset_grupo_8_reescalado,esp,dataset_grupo_8_reescalado\esp\etiquetas.txt
dataset_grupo_8_reescalado\esp\esp_0348.png,1,dataset_grupo_8_reescalado,esp,dataset_grupo_8_reescalado\esp\etiquetas.txt
dataset_grupo_3_reescalado\esp\esp_071.jpg,1,dataset_grupo_3_reescalado,esp,dataset_grupo_3_reescalado\esp\etiquetas.txt
dataset_grupo_99_reescalado\esp\esp_0175.png,0,dataset_grupo_99_reescalado,esp,dataset_grupo_99_reescalado\esp\etiquetas.txt
dataset_grupo_8_reescalado\esp\esp_0011.png,0,dataset_grupo_8_reescalado,esp,dataset_grupo_8_reescalado\esp\etiquetas.txt
dataset_grupo_8_reescalado\esp\esp_0560.png,1,dataset_grupo_8_reescalado,esp,dataset_grupo_8_reescalado\esp\etiquetas.txt
dataset_grupo_99_reescalado\esp\esp_0273.png,0,dataset_grupo_99_reescalado,esp,dataset_grupo_99_reescalado\esp\etiquetas.txt
dataset_grupo_8_reescalado\esp\esp_0179.png,0,dataset_grupo_8_reescalado,esp,dataset_grupo_8_reescalado\esp\etiquetas.txt
dataset_grupo_8_reescalado\esp\esp_0071.png,0,dataset_grupo_8_reescalado,esp,dataset_grupo_8_reescalado\esp\etiquetas.txt
dataset_grupo_6_reescalado\esp\esp_32_126.jpg,1,dataset_grupo_6_reescalado,esp,dataset_grupo_6_reescalado\esp\etiquetas.txt
dataset_grupo_8_reescalado\esp\esp_0041.png,0,dataset_grupo_8_reescalado,esp,dataset_grupo_8_reescalado\esp\etiquetas.txt
dataset_grupo_8_reescalado\esp\esp_0194.png,0,dataset_grupo_8_reescalado,esp,dataset_grupo_8_reescalado\esp\etiquetas.txt
dataset_grupo_4_reescalado\esp\capture_20260422_201017_655547.jpg,1,dataset_grupo_4_reescalado,esp,dataset_grupo_4_reescalado\esp\etiquetas.txt
dataset_grupo_4_reescalado\esp\capture_20260422_203018_108103.jpg,0,dataset_grupo_4_reescalado,esp,dataset_grupo_4_reescalado\esp\etiquetas.txt
dataset_grupo_8_reescalado\esp\esp_0536.png,1,dataset_grupo_8_reescalado,esp,dataset_grupo_8_reescalado\esp\etiquetas.txt
dataset_grupo_4_reescalado\esp\capture_20260422_202808_380643.jpg,1,dataset_grupo_4_reescalado,esp,dataset_grupo_4_reescalado\esp\etiquetas.txt
dataset_grupo_99_reescalado\esp\esp_0197.png,0,dataset_grupo_99_reescalado,esp,dataset_grupo_99_reescalado\esp\etiquetas.txt
dataset_grupo_4_reescalado\esp\capture_20260422_202919_697351.jpg,1,dataset_grupo_4_reescalado,esp,dataset_grupo_4_reescalado\esp\etiquetas.txt
dataset_grupo_4_reescalado\esp\capture_20260422_195731_986828.jpg,1,dataset_grupo_4_reescalado,esp,dataset_grupo_4_reescalado\esp\etiquetas.txt
dataset_grupo_6_reescalado\esp\esp_32_184.jpg,0,dataset_grupo_6_reescalado,esp,dataset_grupo_6_reescalado\esp\etiquetas.txt
dataset_grupo_8_reescalado\esp\esp_0234.png,0,dataset_grupo_8_reescalado,esp,dataset_grupo_8_reescalado\esp\etiquetas.txt
dataset_grupo_8_reescalado\esp\esp_0073.png,0,dataset_grupo_8_reescalado,esp,dataset_grupo_8_reescalado\esp\etiquetas.txt
dataset_grupo_99_reescalado\esp\esp_0129.png,0,dataset_grupo_99_reescalado,esp,dataset_grupo_99_reescalado\esp\etiquetas.txt
dataset_grupo_4_reescalado\esp\capture_20260422_202916_306944.jpg,1,dataset_grupo_4_reescalado,esp,dataset_grupo_4_reescalado\esp\etiquetas.txt
dataset_grupo_4_reescalado\esp\capture_20260422_202237_843433.jpg,1,dataset_grupo_4_reescalado,esp,dataset_grupo_4_reescalado\esp\etiquetas.txt
dataset_grupo_3_reescalado\esp\esp_039.jpg,1,dataset_grupo_3_reescalado,esp,dataset_grupo_3_reescalado\esp\etiquetas.txt
dataset_grupo_8_reescalado\esp\esp_0471.png,0,dataset_grupo_8_reescalado,esp,dataset_grupo_8_reescalado\esp\etiquetas.txt
dataset_grupo_8_reescalado\esp\esp_0548.png,1,dataset_grupo_8_reescalado,esp,dataset_grupo_8_reescalado\esp\etiquetas.txt
dataset_grupo_4_reescalado\esp\capture_20260422_202759_147739.jpg,1,dataset_grupo_4_reescalado,esp,dataset_grupo_4_reescalado\esp\etiquetas.txt
dataset_grupo_99_reescalado\esp\esp_0156.png,0,dataset_grupo_99_reescalado,esp,dataset_grupo_99_reescalado\esp\etiquetas.txt
dataset_grupo_6_reescalado\esp\esp_32_1.jpg,1,dataset_grupo_6_reescalado,esp,dataset_grupo_6_reescalado\esp\etiquetas.txt
dataset_grupo_4_reescalado\esp\capture_20260422_202803_137210.jpg,1,dataset_grupo_4_reescalado,esp,dataset_grupo_4_reescalado\esp\etiquetas.txt
dataset_grupo_99_reescalado\esp\esp_0130.png,0,dataset_grupo_99_reescalado,esp,dataset_grupo_99_reescalado\esp\etiquetas.txt
dataset_grupo_4_reescalado\esp\capture_20260422_195825_422071.jpg,1,dataset_grupo_4_reescalado,esp,dataset_grupo_4_reescalado\esp\etiquetas.txt
dataset_grupo_99_reescalado\esp\esp_0076.png,0,dataset_grupo_99_reescalado,esp,dataset_grupo_99_reescalado\esp\etiquetas.txt
dataset_grupo_3_reescalado\esp\esp_135.jpg,1,dataset_grupo_3_reescalado,esp,dataset_grupo_3_reescalado\esp\etiquetas.txt
dataset_grupo_99_reescalado\esp\esp_0101.png,0,dataset_grupo_99_reescalado,esp,dataset_grupo_99_reescalado\esp\etiquetas.txt
dataset_grupo_8_reescalado\esp\esp_0219.png,0,dataset_grupo_8_reescalado,esp,dataset_grupo_8_reescalado\esp\etiquetas.txt
dataset_grupo_8_reescalado\esp\esp_0357.png,0,dataset_grupo_8_reescalado,esp,dataset_grupo_8_reescalado\esp\etiquetas.txt
dataset_grupo_4_reescalado\esp\capture_20260422_202916_633226.jpg,1,dataset_grupo_4_reescalado,esp,dataset_grupo_4_reescalado\esp\etiquetas.txt
dataset_grupo_4_reescalado\esp\capture_20260422_202241_288482.jpg,1,dataset_grupo_4_reescalado,esp,dataset_grupo_4_reescalado\esp\etiquetas.txt
dataset_grupo_4_reescalado\esp\capture_20260422_195742_856792.jpg,1,dataset_grupo_4_reescalado,esp,dataset_grupo_4_reescalado\esp\etiquetas.txt
dataset_grupo_4_reescalado\esp\capture_20260422_202904_530270.jpg,1,dataset_grupo_4_reescalado,esp,dataset_grupo_4_reescalado\esp\etiquetas.txt
dataset_grupo_99_reescalado\esp\esp_0139.png,0,dataset_grupo_99_reescalado,esp,dataset_grupo_99_reescalado\esp\etiquetas.txt
dataset_grupo_3_reescalado\esp\esp_029.jpg,1,dataset_grupo_3_reescalado,esp,dataset_grupo_3_reescalado\esp\etiquetas.txt
dataset_grupo_4_reescalado\esp\capture_20260422_202939_245653.jpg,0,dataset_grupo_4_reescalado,esp,dataset_grupo_4_reescalado\esp\etiquetas.txt
dataset_grupo_6_reescalado\esp\esp_32_118.jpg,0,dataset_grupo_6_reescalado,esp,dataset_grupo_6_reescalado\esp\etiquetas.txt
dataset_grupo_8_reescalado\esp\esp_0506.png,1,dataset_grupo_8_reescalado,esp,dataset_grupo_8_reescalado\esp\etiquetas.txt
dataset_grupo_4_reescalado\esp\capture_20260422_201137_447707.jpg,1,dataset_grupo_4_reescalado,esp,dataset_grupo_4_reescalado\esp\etiquetas.txt
dataset_grupo_8_reescalado\esp\esp_0190.png,0,dataset_grupo_8_reescalado,esp,dataset_grupo_8_reescalado\esp\etiquetas.txt
dataset_grupo_8_reescalado\esp\esp_0324.png,1,dataset_grupo_8_reescalado,esp,dataset_grupo_8_reescalado\esp\etiquetas.txt
dataset_grupo_8_reescalado\esp\esp_0311.png,0,dataset_grupo_8_reescalado,esp,dataset_grupo_8_reescalado\esp\etiquetas.txt
dataset_grupo_99_reescalado\esp\esp_0226.png,0,dataset_grupo_99_reescalado,esp,dataset_grupo_99_reescalado\esp\etiquetas.txt
dataset_grupo_4_reescalado\esp\capture_20260422_195631_483458.jpg,0,dataset_grupo_4_reescalado,esp,dataset_grupo_4_reescalado\esp\etiquetas.txt
dataset_grupo_8_reescalado\esp\esp_0424.png,1,dataset_grupo_8_reescalado,esp,dataset_grupo_8_reescalado\esp\etiquetas.txt
dataset_grupo_4_reescalado\esp\capture_20260422_202749_551512.jpg,1,dataset_grupo_4_reescalado,esp,dataset_grupo_4_reescalado\esp\etiquetas.txt
dataset_grupo_4_reescalado\esp\capture_20260422_203007_460565.jpg,1,dataset_grupo_4_reescalado,esp,dataset_grupo_4_reescalado\esp\etiquetas.txt
dataset_grupo_6_reescalado\esp\esp_32_38.jpg,1,dataset_grupo_6_reescalado,esp,dataset_grupo_6_reescalado\esp\etiquetas.txt
dataset_grupo_8_reescalado\esp\esp_0437.png,1,dataset_grupo_8_reescalado,esp,dataset_grupo_8_reescalado\esp\etiquetas.txt
dataset_grupo_99_reescalado\esp\esp_0171.png,0,dataset_grupo_99_reescalado,esp,dataset_grupo_99_reescalado\esp\etiquetas.txt
dataset_grupo_4_reescalado\esp\capture_20260422_202914_471565.jpg,1,dataset_grupo_4_reescalado,esp,dataset_grupo_4_reescalado\esp\etiquetas.txt
dataset_grupo_99_reescalado\esp\esp_0040.png,0,dataset_grupo_99_reescalado,esp,dataset_grupo_99_reescalado\esp\etiquetas.txt
dataset_grupo_6_reescalado\esp\esp_32_131.jpg,0,dataset_grupo_6_reescalado,esp,dataset_grupo_6_reescalado\esp\etiquetas.txt
dataset_grupo_4_reescalado\esp\capture_20260422_202908_553691.jpg,1,dataset_grupo_4_reescalado,esp,dataset_grupo_4_reescalado\esp\etiquetas.txt
dataset_grupo_8_reescalado\esp\esp_0485.png,0,dataset_grupo_8_reescalado,esp,dataset_grupo_8_reescalado\esp\etiquetas.txt
dataset_grupo_6_reescalado\esp\esp_32_5.jpg,1,dataset_grupo_6_reescalado,esp,dataset_grupo_6_reescalado\esp\etiquetas.txt
dataset_grupo_8_reescalado\esp\esp_0555.png,1,dataset_grupo_8_reescalado,esp,dataset_grupo_8_reescalado\esp\etiquetas.txt
dataset_grupo_8_reescalado\esp\esp_0193.png,0,dataset_grupo_8_reescalado,esp,dataset_grupo_8_reescalado\esp\etiquetas.txt
dataset_grupo_99_reescalado\esp\esp_0159.png,0,dataset_grupo_99_reescalado,esp,dataset_grupo_99_reescalado\esp\etiquetas.txt
dataset_grupo_99_reescalado\esp\esp_0150.png,0,dataset_grupo_99_reescalado,esp,dataset_grupo_99_reescalado\esp\etiquetas.txt
dataset_grupo_99_reescalado\esp\esp_0005.png,0,dataset_grupo_99_reescalado,esp,dataset_grupo_99_reescalado\esp\etiquetas.txt
dataset_grupo_4_reescalado\esp\capture_20260422_202920_904065.jpg,1,dataset_grupo_4_reescalado,esp,dataset_grupo_4_reescalado\esp\etiquetas.txt
dataset_grupo_4_reescalado\esp\capture_20260422_202818_894708.jpg,0,dataset_grupo_4_reescalado,esp,dataset_grupo_4_reescalado\esp\etiquetas.txt
dataset_grupo_4_reescalado\esp\capture_20260422_202320_812324.jpg,0,dataset_grupo_4_reescalado,esp,dataset_grupo_4_reescalado\esp\etiquetas.txt
dataset_grupo_4_reescalado\esp\capture_20260422_202804_672916.jpg,0,dataset_grupo_4_reescalado,esp,dataset_grupo_4_reescalado\esp\etiquetas.txt
dataset_grupo_4_reescalado\esp\capture_20260422_202943_075658.jpg,0,dataset_grupo_4_reescalado,esp,dataset_grupo_4_reescalado\esp\etiquetas.txt
dataset_grupo_6_reescalado\esp\esp_32_91.jpg,1,dataset_grupo_6_reescalado,esp,dataset_grupo_6_reescalado\esp\etiquetas.txt
dataset_grupo_3_reescalado\esp\esp_141.jpg,1,dataset_grupo_3_reescalado,esp,dataset_grupo_3_reescalado\esp\etiquetas.txt
dataset_grupo_8_reescalado\esp\esp_0463.png,1,dataset_grupo_8_reescalado,esp,dataset_grupo_8_reescalado\esp\etiquetas.txt
dataset_grupo_4_reescalado\esp\capture_20260422_203005_448716.jpg,1,dataset_grupo_4_reescalado,esp,dataset_grupo_4_reescalado\esp\etiquetas.txt
dataset_grupo_8_reescalado\esp\esp_0272.png,1,dataset_grupo_8_reescalado,esp,dataset_grupo_8_reescalado\esp\etiquetas.txt
dataset_grupo_4_reescalado\esp\capture_20260422_202254_840093.jpg,0,dataset_grupo_4_reescalado,esp,dataset_grupo_4_reescalado\esp\etiquetas.txt
dataset_grupo_4_reescalado\esp\capture_20260422_203004_621336.jpg,1,dataset_grupo_4_reescalado,esp,dataset_grupo_4_reescalado\esp\etiquetas.txt
dataset_grupo_8_reescalado\esp\esp_0088.png,0,dataset_grupo_8_reescalado,esp,dataset_grupo_8_reescalado\esp\etiquetas.txt
dataset_grupo_8_reescalado\esp\esp_0295.png,1,dataset_grupo_8_reescalado,esp,dataset_grupo_8_reescalado\esp\etiquetas.txt
dataset_grupo_8_reescalado\esp\esp_0290.png,1,dataset_grupo_8_reescalado,esp,dataset_grupo_8_reescalado\esp\etiquetas.txt
dataset_grupo_99_reescalado\esp\esp_0185.png,0,dataset_grupo_99_reescalado,esp,dataset_grupo_99_reescalado\esp\etiquetas.txt
dataset_grupo_8_reescalado\esp\esp_0435.png,1,dataset_grupo_8_reescalado,esp,dataset_grupo_8_reescalado\esp\etiquetas.txt
dataset_grupo_8_reescalado\esp\esp_0021.png,0,dataset_grupo_8_reescalado,esp,dataset_grupo_8_reescalado\esp\etiquetas.txt
dataset_grupo_6_reescalado\esp\esp_32_188.jpg,0,dataset_grupo_6_reescalado,esp,dataset_grupo_6_reescalado\esp\etiquetas.txt
dataset_grupo_99_reescalado\esp\esp_0094.png,0,dataset_grupo_99_reescalado,esp,dataset_grupo_99_reescalado\esp\etiquetas.txt
dataset_grupo_99_reescalado\esp\esp_0085.png,0,dataset_grupo_99_reescalado,esp,dataset_grupo_99_reescalado\esp\etiquetas.txt
dataset_grupo_8_reescalado\esp\esp_0505.png,1,dataset_grupo_8_reescalado,esp,dataset_grupo_8_reescalado\esp\etiquetas.txt
dataset_grupo_8_reescalado\esp\esp_0486.png,1,dataset_grupo_8_reescalado,esp,dataset_grupo_8_reescalado\esp\etiquetas.txt
dataset_grupo_8_reescalado\esp\esp_0387.png,1,dataset_grupo_8_reescalado,esp,dataset_grupo_8_reescalado\esp\etiquetas.txt
dataset_grupo_8_reescalado\esp\esp_0590.png,0,dataset_grupo_8_reescalado,esp,dataset_grupo_8_reescalado\esp\etiquetas.txt
dataset_grupo_99_reescalado\esp\esp_0220.png,0,dataset_grupo_99_reescalado,esp,dataset_grupo_99_reescalado\esp\etiquetas.txt
dataset_grupo_4_reescalado\esp\capture_20260422_202835_699396.jpg,0,dataset_grupo_4_reescalado,esp,dataset_grupo_4_reescalado\esp\etiquetas.txt
dataset_grupo_4_reescalado\esp\capture_20260422_201241_000710.jpg,1,dataset_grupo_4_reescalado,esp,dataset_grupo_4_reescalado\esp\etiquetas.txt
dataset_grupo_4_reescalado\esp\capture_20260422_200935_921417.jpg,1,dataset_grupo_4_reescalado,esp,dataset_grupo_4_reescalado\esp\etiquetas.txt
dataset_grupo_99_reescalado\esp\esp_0253.png,0,dataset_grupo_99_reescalado,esp,dataset_grupo_99_reescalado\esp\etiquetas.txt
dataset_grupo_4_reescalado\esp\capture_20260422_202318_464240.jpg,0,dataset_grupo_4_reescalado,esp,dataset_grupo_4_reescalado\esp\etiquetas.txt
dataset_grupo_99_reescalado\esp\esp_0268.png,0,dataset_grupo_99_reescalado,esp,dataset_grupo_99_reescalado\esp\etiquetas.txt
dataset_grupo_8_reescalado\esp\esp_0499.png,1,dataset_grupo_8_reescalado,esp,dataset_grupo_8_reescalado\esp\etiquetas.txt
dataset_grupo_6_reescalado\esp\esp_32_68.jpg,1,dataset_grupo_6_reescalado,esp,dataset_grupo_6_reescalado\esp\etiquetas.txt
dataset_grupo_99_reescalado\esp\esp_0183.png,0,dataset_grupo_99_reescalado,esp,dataset_grupo_99_reescalado\esp\etiquetas.txt
dataset_grupo_4_reescalado\esp\capture_20260422_202251_225521.jpg,0,dataset_grupo_4_reescalado,esp,dataset_grupo_4_reescalado\esp\etiquetas.txt
dataset_grupo_8_reescalado\esp\esp_0583.png,0,dataset_grupo_8_reescalado,esp,dataset_grupo_8_reescalado\esp\etiquetas.txt
dataset_grupo_8_reescalado\esp\esp_0477.png,1,dataset_grupo_8_reescalado,esp,dataset_grupo_8_reescalado\esp\etiquetas.txt
dataset_grupo_8_reescalado\esp\esp_0283.png,0,dataset_grupo_8_reescalado,esp,dataset_grupo_8_reescalado\esp\etiquetas.txt
dataset_grupo_99_reescalado\esp\esp_0256.png,0,dataset_grupo_99_reescalado,esp,dataset_grupo_99_reescalado\esp\etiquetas.txt
dataset_grupo_8_reescalado\esp\esp_0065.png,0,dataset_grupo_8_reescalado,esp,dataset_grupo_8_reescalado\esp\etiquetas.txt
dataset_grupo_4_reescalado\esp\capture_20260422_202238_459281.jpg,1,dataset_grupo_4_reescalado,esp,dataset_grupo_4_reescalado\esp\etiquetas.txt
dataset_grupo_4_reescalado\esp\capture_20260422_200711_890038.jpg,0,dataset_grupo_4_reescalado,esp,dataset_grupo_4_reescalado\esp\etiquetas.txt
dataset_grupo_6_reescalado\esp\esp_32_114.jpg,1,dataset_grupo_6_reescalado,esp,dataset_grupo_6_reescalado\esp\etiquetas.txt
dataset_grupo_8_reescalado\esp\esp_0191.png,0,dataset_grupo_8_reescalado,esp,dataset_grupo_8_reescalado\esp\etiquetas.txt
dataset_grupo_99_reescalado\esp\esp_0044.png,0,dataset_grupo_99_reescalado,esp,dataset_grupo_99_reescalado\esp\etiquetas.txt
dataset_grupo_4_reescalado\esp\capture_20260422_195943_769312.jpg,1,dataset_grupo_4_reescalado,esp,dataset_grupo_4_reescalado\esp\etiquetas.txt
dataset_grupo_4_reescalado\esp\capture_20260422_202912_923805.jpg,1,dataset_grupo_4_reescalado,esp,dataset_grupo_4_reescalado\esp\etiquetas.txt
dataset_grupo_8_reescalado\esp\esp_0213.png,0,dataset_grupo_8_reescalado,esp,dataset_grupo_8_reescalado\esp\etiquetas.txt
dataset_grupo_8_reescalado\esp\esp_0001.png,0,dataset_grupo_8_reescalado,esp,dataset_grupo_8_reescalado\esp\etiquetas.txt
dataset_grupo_8_reescalado\esp\esp_0032.png,0,dataset_grupo_8_reescalado,esp,dataset_grupo_8_reescalado\esp\etiquetas.txt
dataset_grupo_8_reescalado\esp\esp_0462.png,1,dataset_grupo_8_reescalado,esp,dataset_grupo_8_reescalado\esp\etiquetas.txt
dataset_grupo_8_reescalado\esp\esp_0081.png,0,dataset_grupo_8_reescalado,esp,dataset_grupo_8_reescalado\esp\etiquetas.txt
dataset_grupo_8_reescalado\esp\esp_0080.png,0,dataset_grupo_8_reescalado,esp,dataset_grupo_8_reescalado\esp\etiquetas.txt
dataset_grupo_8_reescalado\esp\esp_0095.png,0,dataset_grupo_8_reescalado,esp,dataset_grupo_8_reescalado\esp\etiquetas.txt
dataset_grupo_3_reescalado\esp\esp_024.jpg,1,dataset_grupo_3_reescalado,esp,dataset_grupo_3_reescalado\esp\etiquetas.txt
dataset_grupo_3_reescalado\esp\esp_125.jpg,1,dataset_grupo_3_reescalado,esp,dataset_grupo_3_reescalado\esp\etiquetas.txt
dataset_grupo_4_reescalado\esp\capture_20260422_202815_614107.jpg,1,dataset_grupo_4_reescalado,esp,dataset_grupo_4_reescalado\esp\etiquetas.txt
dataset_grupo_4_reescalado\esp\capture_20260422_200956_679129.jpg,1,dataset_grupo_4_reescalado,esp,dataset_grupo_4_reescalado\esp\etiquetas.txt
dataset_grupo_4_reescalado\esp\capture_20260422_203004_204162.jpg,1,dataset_grupo_4_reescalado,esp,dataset_grupo_4_reescalado\esp\etiquetas.txt
dataset_grupo_8_reescalado\esp\esp_0470.png,1,dataset_grupo_8_reescalado,esp,dataset_grupo_8_reescalado\esp\etiquetas.txt
dataset_grupo_8_reescalado\esp\esp_0114.png,0,dataset_grupo_8_reescalado,esp,dataset_grupo_8_reescalado\esp\etiquetas.txt
dataset_grupo_8_reescalado\esp\esp_0077.png,0,dataset_grupo_8_reescalado,esp,dataset_grupo_8_reescalado\esp\etiquetas.txt
dataset_grupo_3_reescalado\esp\esp_127.jpg,1,dataset_grupo_3_reescalado,esp,dataset_grupo_3_reescalado\esp\etiquetas.txt
dataset_grupo_8_reescalado\esp\esp_0436.png,1,dataset_grupo_8_reescalado,esp,dataset_grupo_8_reescalado\esp\etiquetas.txt
dataset_grupo_4_reescalado\esp\capture_20260422_202805_281978.jpg,0,dataset_grupo_4_reescalado,esp,dataset_grupo_4_reescalado\esp\etiquetas.txt
dataset_grupo_8_reescalado\esp\esp_0205.png,0,dataset_grupo_8_reescalado,esp,dataset_grupo_8_reescalado\esp\etiquetas.txt
dataset_grupo_99_reescalado\esp\esp_0100.png,0,dataset_grupo_99_reescalado,esp,dataset_grupo_99_reescalado\esp\etiquetas.txt
dataset_grupo_6_reescalado\esp\esp_32_65.jpg,1,dataset_grupo_6_reescalado,esp,dataset_grupo_6_reescalado\esp\etiquetas.txt
dataset_grupo_4_reescalado\esp\capture_20260422_202933_511781.jpg,1,dataset_grupo_4_reescalado,esp,dataset_grupo_4_reescalado\esp\etiquetas.txt
dataset_grupo_4_reescalado\esp\capture_20260422_202330_306591.jpg,1,dataset_grupo_4_reescalado,esp,dataset_grupo_4_reescalado\esp\etiquetas.txt
dataset_grupo_6_reescalado\esp\esp_32_13.jpg,0,dataset_grupo_6_reescalado,esp,dataset_grupo_6_reescalado\esp\etiquetas.txt
dataset_grupo_4_reescalado\esp\capture_20260422_202832_520246.jpg,1,dataset_grupo_4_reescalado,esp,dataset_grupo_4_reescalado\esp\etiquetas.txt
dataset_grupo_6_reescalado\esp\esp_32_41.jpg,0,dataset_grupo_6_reescalado,esp,dataset_grupo_6_reescalado\esp\etiquetas.txt
dataset_grupo_8_reescalado\esp\esp_0373.png,0,dataset_grupo_8_reescalado,esp,dataset_grupo_8_reescalado\esp\etiquetas.txt
dataset_grupo_6_reescalado\esp\esp_32_160.jpg,1,dataset_grupo_6_reescalado,esp,dataset_grupo_6_reescalado\esp\etiquetas.txt
dataset_grupo_6_reescalado\esp\esp_32_100.jpg,0,dataset_grupo_6_reescalado,esp,dataset_grupo_6_reescalado\esp\etiquetas.txt
dataset_grupo_8_reescalado\esp\esp_0336.png,1,dataset_grupo_8_reescalado,esp,dataset_grupo_8_reescalado\esp\etiquetas.txt
dataset_grupo_8_reescalado\esp\esp_0183.png,0,dataset_grupo_8_reescalado,esp,dataset_grupo_8_reescalado\esp\etiquetas.txt
dataset_grupo_4_reescalado\esp\capture_20260422_202817_578340.jpg,1,dataset_grupo_4_reescalado,esp,dataset_grupo_4_reescalado\esp\etiquetas.txt
dataset_grupo_99_reescalado\esp\esp_0276.png,0,dataset_grupo_99_reescalado,esp,dataset_grupo_99_reescalado\esp\etiquetas.txt
dataset_grupo_8_reescalado\esp\esp_0164.png,0,dataset_grupo_8_reescalado,esp,dataset_grupo_8_reescalado\esp\etiquetas.txt
dataset_grupo_8_reescalado\esp\esp_0106.png,0,dataset_grupo_8_reescalado,esp,dataset_grupo_8_reescalado\esp\etiquetas.txt
dataset_grupo_6_reescalado\esp\esp_32_60.jpg,1,dataset_grupo_6_reescalado,esp,dataset_grupo_6_reescalado\esp\etiquetas.txt
dataset_grupo_8_reescalado\esp\esp_0372.png,1,dataset_grupo_8_reescalado,esp,dataset_grupo_8_reescalado\esp\etiquetas.txt
dataset_grupo_8_reescalado\esp\esp_0111.png,0,dataset_grupo_8_reescalado,esp,dataset_grupo_8_reescalado\esp\etiquetas.txt
dataset_grupo_8_reescalado\esp\esp_0074.png,0,dataset_grupo_8_reescalado,esp,dataset_grupo_8_reescalado\esp\etiquetas.txt
dataset_grupo_8_reescalado\esp\esp_0259.png,0,dataset_grupo_8_reescalado,esp,dataset_grupo_8_reescalado\esp\etiquetas.txt
dataset_grupo_6_reescalado\esp\esp_32_169.jpg,0,dataset_grupo_6_reescalado,esp,dataset_grupo_6_reescalado\esp\etiquetas.txt
dataset_grupo_8_reescalado\esp\esp_0402.png,1,dataset_grupo_8_reescalado,esp,dataset_grupo_8_reescalado\esp\etiquetas.txt
dataset_grupo_4_reescalado\esp\capture_20260422_202950_294544.jpg,1,dataset_grupo_4_reescalado,esp,dataset_grupo_4_reescalado\esp\etiquetas.txt
dataset_grupo_4_reescalado\esp\capture_20260422_202911_714612.jpg,0,dataset_grupo_4_reescalado,esp,dataset_grupo_4_reescalado\esp\etiquetas.txt
dataset_grupo_99_reescalado\esp\esp_0235.png,0,dataset_grupo_99_reescalado,esp,dataset_grupo_99_reescalado\esp\etiquetas.txt
dataset_grupo_6_reescalado\esp\esp_32_49.jpg,0,dataset_grupo_6_reescalado,esp,dataset_grupo_6_reescalado\esp\etiquetas.txt
dataset_grupo_3_reescalado\esp\esp_023.jpg,1,dataset_grupo_3_reescalado,esp,dataset_grupo_3_reescalado\esp\etiquetas.txt
dataset_grupo_8_reescalado\esp\esp_0266.png,1,dataset_grupo_8_reescalado,esp,dataset_grupo_8_reescalado\esp\etiquetas.txt
dataset_grupo_8_reescalado\esp\esp_0450.png,1,dataset_grupo_8_reescalado,esp,dataset_grupo_8_reescalado\esp\etiquetas.txt
dataset_grupo_4_reescalado\esp\capture_20260422_202826_359320.jpg,0,dataset_grupo_4_reescalado,esp,dataset_grupo_4_reescalado\esp\etiquetas.txt
dataset_grupo_8_reescalado\esp\esp_0215.png,0,dataset_grupo_8_reescalado,esp,dataset_grupo_8_reescalado\esp\etiquetas.txt
dataset_grupo_6_reescalado\esp\esp_32_54.jpg,1,dataset_grupo_6_reescalado,esp,dataset_grupo_6_reescalado\esp\etiquetas.txt
dataset_grupo_3_reescalado\esp\esp_008.jpg,1,dataset_grupo_3_reescalado,esp,dataset_grupo_3_reescalado\esp\etiquetas.txt
dataset_grupo_99_reescalado\esp\esp_0239.png,0,dataset_grupo_99_reescalado,esp,dataset_grupo_99_reescalado\esp\etiquetas.txt
dataset_grupo_8_reescalado\esp\esp_0585.png,0,dataset_grupo_8_reescalado,esp,dataset_grupo_8_reescalado\esp\etiquetas.txt
dataset_grupo_8_reescalado\esp\esp_0422.png,1,dataset_grupo_8_reescalado,esp,dataset_grupo_8_reescalado\esp\etiquetas.txt
dataset_grupo_99_reescalado\esp\esp_0163.png,0,dataset_grupo_99_reescalado,esp,dataset_grupo_99_reescalado\esp\etiquetas.txt
dataset_grupo_8_reescalado\esp\esp_0149.png,0,dataset_grupo_8_reescalado,esp,dataset_grupo_8_reescalado\esp\etiquetas.txt
dataset_grupo_6_reescalado\esp\esp_32_9.jpg,0,dataset_grupo_6_reescalado,esp,dataset_grupo_6_reescalado\esp\etiquetas.txt
dataset_grupo_8_reescalado\esp\esp_0427.png,1,dataset_grupo_8_reescalado,esp,dataset_grupo_8_reescalado\esp\etiquetas.txt
dataset_grupo_8_reescalado\esp\esp_0581.png,1,dataset_grupo_8_reescalado,esp,dataset_grupo_8_reescalado\esp\etiquetas.txt
dataset_grupo_4_reescalado\esp\capture_20260422_202951_296890.jpg,1,dataset_grupo_4_reescalado,esp,dataset_grupo_4_reescalado\esp\etiquetas.txt
dataset_grupo_4_reescalado\esp\capture_20260422_202800_587950.jpg,1,dataset_grupo_4_reescalado,esp,dataset_grupo_4_reescalado\esp\etiquetas.txt
dataset_grupo_8_reescalado\esp\esp_0067.png,0,dataset_grupo_8_reescalado,esp,dataset_grupo_8_reescalado\esp\etiquetas.txt
dataset_grupo_4_reescalado\esp\capture_20260422_202806_921059.jpg,1,dataset_grupo_4_reescalado,esp,dataset_grupo_4_reescalado\esp\etiquetas.txt
dataset_grupo_99_reescalado\esp\esp_0011.png,0,dataset_grupo_99_reescalado,esp,dataset_grupo_99_reescalado\esp\etiquetas.txt
dataset_grupo_8_reescalado\esp\esp_0217.png,0,dataset_grupo_8_reescalado,esp,dataset_grupo_8_reescalado\esp\etiquetas.txt
dataset_grupo_99_reescalado\esp\esp_0120.png,0,dataset_grupo_99_reescalado,esp,dataset_grupo_99_reescalado\esp\etiquetas.txt
dataset_grupo_4_reescalado\esp\capture_20260422_202331_357855.jpg,1,dataset_grupo_4_reescalado,esp,dataset_grupo_4_reescalado\esp\etiquetas.txt
dataset_grupo_4_reescalado\esp\capture_20260422_202913_858223.jpg,1,dataset_grupo_4_reescalado,esp,dataset_grupo_4_reescalado\esp\etiquetas.txt
dataset_grupo_99_reescalado\esp\esp_0204.png,0,dataset_grupo_99_reescalado,esp,dataset_grupo_99_reescalado\esp\etiquetas.txt
dataset_grupo_8_reescalado\esp\esp_0321.png,0,dataset_grupo_8_reescalado,esp,dataset_grupo_8_reescalado\esp\etiquetas.txt
dataset_grupo_8_reescalado\esp\esp_0189.png,0,dataset_grupo_8_reescalado,esp,dataset_grupo_8_reescalado\esp\etiquetas.txt
dataset_grupo_8_reescalado\esp\esp_0013.png,0,dataset_grupo_8_reescalado,esp,dataset_grupo_8_reescalado\esp\etiquetas.txt
dataset_grupo_8_reescalado\esp\esp_0142.png,0,dataset_grupo_8_reescalado,esp,dataset_grupo_8_reescalado\esp\etiquetas.txt
dataset_grupo_8_reescalado\esp\esp_0533.png,1,dataset_grupo_8_reescalado,esp,dataset_grupo_8_reescalado\esp\etiquetas.txt
dataset_grupo_4_reescalado\esp\capture_20260422_202918_004072.jpg,1,dataset_grupo_4_reescalado,esp,dataset_grupo_4_reescalado\esp\etiquetas.txt
dataset_grupo_8_reescalado\esp\esp_0004.png,0,dataset_grupo_8_reescalado,esp,dataset_grupo_8_reescalado\esp\etiquetas.txt
dataset_grupo_99_reescalado\esp\esp_0067.png,0,dataset_grupo_99_reescalado,esp,dataset_grupo_99_reescalado\esp\etiquetas.txt
dataset_grupo_99_reescalado\esp\esp_0131.png,0,dataset_grupo_99_reescalado,esp,dataset_grupo_99_reescalado\esp\etiquetas.txt
dataset_grupo_8_reescalado\esp\esp_0566.png,1,dataset_grupo_8_reescalado,esp,dataset_grupo_8_reescalado\esp\etiquetas.txt
dataset_grupo_8_reescalado\esp\esp_0237.png,1,dataset_grupo_8_reescalado,esp,dataset_grupo_8_reescalado\esp\etiquetas.txt
dataset_grupo_8_reescalado\esp\esp_0561.png,1,dataset_grupo_8_reescalado,esp,dataset_grupo_8_reescalado\esp\etiquetas.txt
dataset_grupo_3_reescalado\esp\esp_056.jpg,1,dataset_grupo_3_reescalado,esp,dataset_grupo_3_reescalado\esp\etiquetas.txt
dataset_grupo_8_reescalado\esp\esp_0019.png,0,dataset_grupo_8_reescalado,esp,dataset_grupo_8_reescalado\esp\etiquetas.txt
dataset_grupo_8_reescalado\esp\esp_0045.png,0,dataset_grupo_8_reescalado,esp,dataset_grupo_8_reescalado\esp\etiquetas.txt
dataset_grupo_6_reescalado\esp\esp_32_69.jpg,0,dataset_grupo_6_reescalado,esp,dataset_grupo_6_reescalado\esp\etiquetas.txt
dataset_grupo_8_reescalado\esp\esp_0351.png,1,dataset_grupo_8_reescalado,esp,dataset_grupo_8_reescalado\esp\etiquetas.txt
dataset_grupo_4_reescalado\esp\capture_20260422_202320_212682.jpg,0,dataset_grupo_4_reescalado,esp,dataset_grupo_4_reescalado\esp\etiquetas.txt
dataset_grupo_8_reescalado\esp\esp_0363.png,1,dataset_grupo_8_reescalado,esp,dataset_grupo_8_reescalado\esp\etiquetas.txt
dataset_grupo_99_reescalado\esp\esp_0072.png,0,dataset_grupo_99_reescalado,esp,dataset_grupo_99_reescalado\esp\etiquetas.txt
dataset_grupo_3_reescalado\esp\esp_103.jpg,1,dataset_grupo_3_reescalado,esp,dataset_grupo_3_reescalado\esp\etiquetas.txt
dataset_grupo_99_reescalado\esp\esp_0261.png,0,dataset_grupo_99_reescalado,esp,dataset_grupo_99_reescalado\esp\etiquetas.txt
dataset_grupo_99_reescalado\esp\esp_0279.png,0,dataset_grupo_99_reescalado,esp,dataset_grupo_99_reescalado\esp\etiquetas.txt
dataset_grupo_3_reescalado\esp\esp_077.jpg,1,dataset_grupo_3_reescalado,esp,dataset_grupo_3_reescalado\esp\etiquetas.txt
dataset_grupo_3_reescalado\esp\esp_073.jpg,1,dataset_grupo_3_reescalado,esp,dataset_grupo_3_reescalado\esp\etiquetas.txt
dataset_grupo_3_reescalado\esp\esp_016.jpg,1,dataset_grupo_3_reescalado,esp,dataset_grupo_3_reescalado\esp\etiquetas.txt
dataset_grupo_3_reescalado\esp\esp_057.jpg,1,dataset_grupo_3_reescalado,esp,dataset_grupo_3_reescalado\esp\etiquetas.txt
dataset_grupo_8_reescalado\esp\esp_0564.png,1,dataset_grupo_8_reescalado,esp,dataset_grupo_8_reescalado\esp\etiquetas.txt
dataset_grupo_8_reescalado\esp\esp_0102.png,0,dataset_grupo_8_reescalado,esp,dataset_grupo_8_reescalado\esp\etiquetas.txt
dataset_grupo_4_reescalado\esp\capture_20260422_203009_716726.jpg,1,dataset_grupo_4_reescalado,esp,dataset_grupo_4_reescalado\esp\etiquetas.txt
dataset_grupo_4_reescalado\esp\capture_20260422_202937_404013.jpg,0,dataset_grupo_4_reescalado,esp,dataset_grupo_4_reescalado\esp\etiquetas.txt
dataset_grupo_8_reescalado\esp\esp_0129.png,0,dataset_grupo_8_reescalado,esp,dataset_grupo_8_reescalado\esp\etiquetas.txt
dataset_grupo_4_reescalado\esp\capture_20260422_202821_412769.jpg,0,dataset_grupo_4_reescalado,esp,dataset_grupo_4_reescalado\esp\etiquetas.txt
dataset_grupo_4_reescalado\esp\capture_20260422_195859_668100.jpg,1,dataset_grupo_4_reescalado,esp,dataset_grupo_4_reescalado\esp\etiquetas.txt
dataset_grupo_4_reescalado\esp\capture_20260422_202240_090812.jpg,1,dataset_grupo_4_reescalado,esp,dataset_grupo_4_reescalado\esp\etiquetas.txt
dataset_grupo_8_reescalado\esp\esp_0393.png,0,dataset_grupo_8_reescalado,esp,dataset_grupo_8_reescalado\esp\etiquetas.txt
dataset_grupo_4_reescalado\esp\capture_20260422_200848_682635.jpg,1,dataset_grupo_4_reescalado,esp,dataset_grupo_4_reescalado\esp\etiquetas.txt
dataset_grupo_8_reescalado\esp\esp_0577.png,1,dataset_grupo_8_reescalado,esp,dataset_grupo_8_reescalado\esp\etiquetas.txt
dataset_grupo_8_reescalado\esp\esp_0267.png,1,dataset_grupo_8_reescalado,esp,dataset_grupo_8_reescalado\esp\etiquetas.txt
dataset_grupo_4_reescalado\esp\capture_20260422_202331_619736.jpg,1,dataset_grupo_4_reescalado,esp,dataset_grupo_4_reescalado\esp\etiquetas.txt
dataset_grupo_8_reescalado\esp\esp_0406.png,1,dataset_grupo_8_reescalado,esp,dataset_grupo_8_reescalado\esp\etiquetas.txt
dataset_grupo_4_reescalado\esp\capture_20260422_202749_016777.jpg,1,dataset_grupo_4_reescalado,esp,dataset_grupo_4_reescalado\esp\etiquetas.txt
dataset_grupo_8_reescalado\esp\esp_0494.png,0,dataset_grupo_8_reescalado,esp,dataset_grupo_8_reescalado\esp\etiquetas.txt
dataset_grupo_3_reescalado\esp\esp_118.jpg,1,dataset_grupo_3_reescalado,esp,dataset_grupo_3_reescalado\esp\etiquetas.txt
dataset_grupo_8_reescalado\esp\esp_0508.png,0,dataset_grupo_8_reescalado,esp,dataset_grupo_8_reescalado\esp\etiquetas.txt
dataset_grupo_8_reescalado\esp\esp_0197.png,0,dataset_grupo_8_reescalado,esp,dataset_grupo_8_reescalado\esp\etiquetas.txt
dataset_grupo_4_reescalado\esp\capture_20260422_202305_820176.jpg,0,dataset_grupo_4_reescalado,esp,dataset_grupo_4_reescalado\esp\etiquetas.txt
dataset_grupo_4_reescalado\esp\capture_20260422_202930_239330.jpg,1,dataset_grupo_4_reescalado,esp,dataset_grupo_4_reescalado\esp\etiquetas.txt
dataset_grupo_8_reescalado\esp\esp_0274.png,1,dataset_grupo_8_reescalado,esp,dataset_grupo_8_reescalado\esp\etiquetas.txt
dataset_grupo_6_reescalado\esp\esp_32_181.jpg,0,dataset_grupo_6_reescalado,esp,dataset_grupo_6_reescalado\esp\etiquetas.txt
dataset_grupo_8_reescalado\esp\esp_0375.png,1,dataset_grupo_8_reescalado,esp,dataset_grupo_8_reescalado\esp\etiquetas.txt
dataset_grupo_6_reescalado\esp\esp_32_182.jpg,0,dataset_grupo_6_reescalado,esp,dataset_grupo_6_reescalado\esp\etiquetas.txt
dataset_grupo_4_reescalado\esp\capture_20260422_202318_054751.jpg,0,dataset_grupo_4_reescalado,esp,dataset_grupo_4_reescalado\esp\etiquetas.txt
dataset_grupo_3_reescalado\esp\esp_048.jpg,1,dataset_grupo_3_reescalado,esp,dataset_grupo_3_reescalado\esp\etiquetas.txt
dataset_grupo_8_reescalado\esp\esp_0332.png,1,dataset_grupo_8_reescalado,esp,dataset_grupo_8_reescalado\esp\etiquetas.txt
dataset_grupo_8_reescalado\esp\esp_0236.png,0,dataset_grupo_8_reescalado,esp,dataset_grupo_8_reescalado\esp\etiquetas.txt
dataset_grupo_99_reescalado\esp\esp_0137.png,0,dataset_grupo_99_reescalado,esp,dataset_grupo_99_reescalado\esp\etiquetas.txt
dataset_grupo_4_reescalado\esp\capture_20260422_202820_402497.jpg,1,dataset_grupo_4_reescalado,esp,dataset_grupo_4_reescalado\esp\etiquetas.txt
dataset_grupo_99_reescalado\esp\esp_0188.png,0,dataset_grupo_99_reescalado,esp,dataset_grupo_99_reescalado\esp\etiquetas.txt
dataset_grupo_8_reescalado\esp\esp_0171.png,0,dataset_grupo_8_reescalado,esp,dataset_grupo_8_reescalado\esp\etiquetas.txt
dataset_grupo_8_reescalado\esp\esp_0339.png,1,dataset_grupo_8_reescalado,esp,dataset_grupo_8_reescalado\esp\etiquetas.txt
dataset_grupo_8_reescalado\esp\esp_0507.png,1,dataset_grupo_8_reescalado,esp,dataset_grupo_8_reescalado\esp\etiquetas.txt
dataset_grupo_4_reescalado\esp\capture_20260422_202910_826332.jpg,0,dataset_grupo_4_reescalado,esp,dataset_grupo_4_reescalado\esp\etiquetas.txt
dataset_grupo_99_reescalado\esp\esp_0138.png,0,dataset_grupo_99_reescalado,esp,dataset_grupo_99_reescalado\esp\etiquetas.txt
dataset_grupo_8_reescalado\esp\esp_0091.png,0,dataset_grupo_8_reescalado,esp,dataset_grupo_8_reescalado\esp\etiquetas.txt
dataset_grupo_99_reescalado\esp\esp_0232.png,0,dataset_grupo_99_reescalado,esp,dataset_grupo_99_reescalado\esp\etiquetas.txt
dataset_grupo_3_reescalado\esp\esp_046.jpg,1,dataset_grupo_3_reescalado,esp,dataset_grupo_3_reescalado\esp\etiquetas.txt
dataset_grupo_8_reescalado\esp\esp_0524.png,1,dataset_grupo_8_reescalado,esp,dataset_grupo_8_reescalado\esp\etiquetas.txt
dataset_grupo_4_reescalado\esp\capture_20260422_202904_860483.jpg,1,dataset_grupo_4_reescalado,esp,dataset_grupo_4_reescalado\esp\etiquetas.txt
dataset_grupo_6_reescalado\esp\esp_32_66.jpg,1,dataset_grupo_6_reescalado,esp,dataset_grupo_6_reescalado\esp\etiquetas.txt
dataset_grupo_99_reescalado\esp\esp_0223.png,0,dataset_grupo_99_reescalado,esp,dataset_grupo_99_reescalado\esp\etiquetas.txt
dataset_grupo_8_reescalado\esp\esp_0210.png,0,dataset_grupo_8_reescalado,esp,dataset_grupo_8_reescalado\esp\etiquetas.txt
dataset_grupo_8_reescalado\esp\esp_0257.png,1,dataset_grupo_8_reescalado,esp,dataset_grupo_8_reescalado\esp\etiquetas.txt
dataset_grupo_4_reescalado\esp\capture_20260422_202750_450045.jpg,1,dataset_grupo_4_reescalado,esp,dataset_grupo_4_reescalado\esp\etiquetas.txt
dataset_grupo_99_reescalado\esp\esp_0247.png,0,dataset_grupo_99_reescalado,esp,dataset_grupo_99_reescalado\esp\etiquetas.txt
dataset_grupo_4_reescalado\esp\capture_20260422_202313_508357.jpg,1,dataset_grupo_4_reescalado,esp,dataset_grupo_4_reescalado\esp\etiquetas.txt
dataset_grupo_8_reescalado\esp\esp_0458.png,1,dataset_grupo_8_reescalado,esp,dataset_grupo_8_reescalado\esp\etiquetas.txt
dataset_grupo_8_reescalado\esp\esp_0057.png,0,dataset_grupo_8_reescalado,esp,dataset_grupo_8_reescalado\esp\etiquetas.txt
dataset_grupo_8_reescalado\esp\esp_0109.png,0,dataset_grupo_8_reescalado,esp,dataset_grupo_8_reescalado\esp\etiquetas.txt
dataset_grupo_99_reescalado\esp\esp_0020.png,0,dataset_grupo_99_reescalado,esp,dataset_grupo_99_reescalado\esp\etiquetas.txt
dataset_grupo_99_reescalado\esp\esp_0075.png,0,dataset_grupo_99_reescalado,esp,dataset_grupo_99_reescalado\esp\etiquetas.txt
dataset_grupo_6_reescalado\esp\esp_32_151.jpg,1,dataset_grupo_6_reescalado,esp,dataset_grupo_6_reescalado\esp\etiquetas.txt
dataset_grupo_4_reescalado\esp\capture_20260422_202923_999826.jpg,1,dataset_grupo_4_reescalado,esp,dataset_grupo_4_reescalado\esp\etiquetas.txt
dataset_grupo_8_reescalado\esp\esp_0235.png,1,dataset_grupo_8_reescalado,esp,dataset_grupo_8_reescalado\esp\etiquetas.txt
dataset_grupo_4_reescalado\esp\capture_20260422_203003_908371.jpg,1,dataset_grupo_4_reescalado,esp,dataset_grupo_4_reescalado\esp\etiquetas.txt
dataset_grupo_3_reescalado\esp\esp_095.jpg,1,dataset_grupo_3_reescalado,esp,dataset_grupo_3_reescalado\esp\etiquetas.txt
dataset_grupo_8_reescalado\esp\esp_0573.png,1,dataset_grupo_8_reescalado,esp,dataset_grupo_8_reescalado\esp\etiquetas.txt
dataset_grupo_4_reescalado\esp\capture_20260422_195704_537632.jpg,1,dataset_grupo_4_reescalado,esp,dataset_grupo_4_reescalado\esp\etiquetas.txt
dataset_grupo_4_reescalado\esp\capture_20260422_200701_051475.jpg,0,dataset_grupo_4_reescalado,esp,dataset_grupo_4_reescalado\esp\etiquetas.txt
dataset_grupo_4_reescalado\esp\capture_20260422_202956_844618.jpg,0,dataset_grupo_4_reescalado,esp,dataset_grupo_4_reescalado\esp\etiquetas.txt
dataset_grupo_6_reescalado\esp\esp_32_103.jpg,0,dataset_grupo_6_reescalado,esp,dataset_grupo_6_reescalado\esp\etiquetas.txt
dataset_grupo_8_reescalado\esp\esp_0568.png,1,dataset_grupo_8_reescalado,esp,dataset_grupo_8_reescalado\esp\etiquetas.txt
dataset_grupo_8_reescalado\esp\esp_0221.png,0,dataset_grupo_8_reescalado,esp,dataset_grupo_8_reescalado\esp\etiquetas.txt
dataset_grupo_8_reescalado\esp\esp_0473.png,0,dataset_grupo_8_reescalado,esp,dataset_grupo_8_reescalado\esp\etiquetas.txt
dataset_grupo_3_reescalado\esp\esp_050.jpg,1,dataset_grupo_3_reescalado,esp,dataset_grupo_3_reescalado\esp\etiquetas.txt
dataset_grupo_8_reescalado\esp\esp_0360.png,1,dataset_grupo_8_reescalado,esp,dataset_grupo_8_reescalado\esp\etiquetas.txt
dataset_grupo_8_reescalado\esp\esp_0410.png,1,dataset_grupo_8_reescalado,esp,dataset_grupo_8_reescalado\esp\etiquetas.txt
dataset_grupo_99_reescalado\esp\esp_0186.png,0,dataset_grupo_99_reescalado,esp,dataset_grupo_99_reescalado\esp\etiquetas.txt
dataset_grupo_6_reescalado\esp\esp_32_23.jpg,0,dataset_grupo_6_reescalado,esp,dataset_grupo_6_reescalado\esp\etiquetas.txt
dataset_grupo_6_reescalado\esp\esp_32_122.jpg,1,dataset_grupo_6_reescalado,esp,dataset_grupo_6_reescalado\esp\etiquetas.txt
dataset_grupo_6_reescalado\esp\esp_32_96.jpg,0,dataset_grupo_6_reescalado,esp,dataset_grupo_6_reescalado\esp\etiquetas.txt
dataset_grupo_8_reescalado\esp\esp_0296.png,0,dataset_grupo_8_reescalado,esp,dataset_grupo_8_reescalado\esp\etiquetas.txt
dataset_grupo_99_reescalado\esp\esp_0217.png,0,dataset_grupo_99_reescalado,esp,dataset_grupo_99_reescalado\esp\etiquetas.txt
dataset_grupo_4_reescalado\esp\capture_20260422_202307_329845.jpg,0,dataset_grupo_4_reescalado,esp,dataset_grupo_4_reescalado\esp\etiquetas.txt
dataset_grupo_99_reescalado\esp\esp_0033.png,0,dataset_grupo_99_reescalado,esp,dataset_grupo_99_reescalado\esp\etiquetas.txt
dataset_grupo_99_reescalado\esp\esp_0145.png,0,dataset_grupo_99_reescalado,esp,dataset_grupo_99_reescalado\esp\etiquetas.txt
dataset_grupo_4_reescalado\esp\capture_20260422_202754_611656.jpg,1,dataset_grupo_4_reescalado,esp,dataset_grupo_4_reescalado\esp\etiquetas.txt
dataset_grupo_8_reescalado\esp\esp_0122.png,0,dataset_grupo_8_reescalado,esp,dataset_grupo_8_reescalado\esp\etiquetas.txt
dataset_grupo_3_reescalado\esp\esp_053.jpg,1,dataset_grupo_3_reescalado,esp,dataset_grupo_3_reescalado\esp\etiquetas.txt
dataset_grupo_4_reescalado\esp\capture_20260422_201209_109373.jpg,1,dataset_grupo_4_reescalado,esp,dataset_grupo_4_reescalado\esp\etiquetas.txt
dataset_grupo_4_reescalado\esp\capture_20260422_200734_199506.jpg,0,dataset_grupo_4_reescalado,esp,dataset_grupo_4_reescalado\esp\etiquetas.txt
dataset_grupo_8_reescalado\esp\esp_0543.png,1,dataset_grupo_8_reescalado,esp,dataset_grupo_8_reescalado\esp\etiquetas.txt
dataset_grupo_4_reescalado\esp\capture_20260422_202831_837270.jpg,1,dataset_grupo_4_reescalado,esp,dataset_grupo_4_reescalado\esp\etiquetas.txt
dataset_grupo_99_reescalado\esp\esp_0231.png,0,dataset_grupo_99_reescalado,esp,dataset_grupo_99_reescalado\esp\etiquetas.txt
dataset_grupo_4_reescalado\esp\capture_20260422_203016_594668.jpg,0,dataset_grupo_4_reescalado,esp,dataset_grupo_4_reescalado\esp\etiquetas.txt
dataset_grupo_3_reescalado\esp\esp_067.jpg,1,dataset_grupo_3_reescalado,esp,dataset_grupo_3_reescalado\esp\etiquetas.txt
dataset_grupo_99_reescalado\esp\esp_0110.png,0,dataset_grupo_99_reescalado,esp,dataset_grupo_99_reescalado\esp\etiquetas.txt
dataset_grupo_8_reescalado\esp\esp_0066.png,0,dataset_grupo_8_reescalado,esp,dataset_grupo_8_reescalado\esp\etiquetas.txt
dataset_grupo_6_reescalado\esp\esp_32_199.jpg,1,dataset_grupo_6_reescalado,esp,dataset_grupo_6_reescalado\esp\etiquetas.txt
dataset_grupo_99_reescalado\esp\esp_0259.png,0,dataset_grupo_99_reescalado,esp,dataset_grupo_99_reescalado\esp\etiquetas.txt
dataset_grupo_8_reescalado\esp\esp_0160.png,0,dataset_grupo_8_reescalado,esp,dataset_grupo_8_reescalado\esp\etiquetas.txt
dataset_grupo_4_reescalado\esp\capture_20260422_202927_866270.jpg,1,dataset_grupo_4_reescalado,esp,dataset_grupo_4_reescalado\esp\etiquetas.txt
dataset_grupo_4_reescalado\esp\capture_20260422_202907_258463.jpg,1,dataset_grupo_4_reescalado,esp,dataset_grupo_4_reescalado\esp\etiquetas.txt
dataset_grupo_8_reescalado\esp\esp_0343.png,1,dataset_grupo_8_reescalado,esp,dataset_grupo_8_reescalado\esp\etiquetas.txt
dataset_grupo_99_reescalado\esp\esp_0142.png,0,dataset_grupo_99_reescalado,esp,dataset_grupo_99_reescalado\esp\etiquetas.txt
dataset_grupo_8_reescalado\esp\esp_0052.png,0,dataset_grupo_8_reescalado,esp,dataset_grupo_8_reescalado\esp\etiquetas.txt
dataset_grupo_4_reescalado\esp\capture_20260422_202958_670254.jpg,1,dataset_grupo_4_reescalado,esp,dataset_grupo_4_reescalado\esp\etiquetas.txt
dataset_grupo_3_reescalado\esp\esp_042.jpg,1,dataset_grupo_3_reescalado,esp,dataset_grupo_3_reescalado\esp\etiquetas.txt
dataset_grupo_99_reescalado\esp\esp_0233.png,0,dataset_grupo_99_reescalado,esp,dataset_grupo_99_reescalado\esp\etiquetas.txt
dataset_grupo_4_reescalado\esp\capture_20260422_201049_270521.jpg,1,dataset_grupo_4_reescalado,esp,dataset_grupo_4_reescalado\esp\etiquetas.txt
dataset_grupo_4_reescalado\esp\capture_20260422_203005_133025.jpg,1,dataset_grupo_4_reescalado,esp,dataset_grupo_4_reescalado\esp\etiquetas.txt
dataset_grupo_8_reescalado\esp\esp_0519.png,1,dataset_grupo_8_reescalado,esp,dataset_grupo_8_reescalado\esp\etiquetas.txt
dataset_grupo_8_reescalado\esp\esp_0374.png,0,dataset_grupo_8_reescalado,esp,dataset_grupo_8_reescalado\esp\etiquetas.txt
dataset_grupo_4_reescalado\esp\capture_20260422_202326_139427.jpg,1,dataset_grupo_4_reescalado,esp,dataset_grupo_4_reescalado\esp\etiquetas.txt
dataset_grupo_3_reescalado\esp\esp_065.jpg,1,dataset_grupo_3_reescalado,esp,dataset_grupo_3_reescalado\esp\etiquetas.txt
dataset_grupo_8_reescalado\esp\esp_0144.png,0,dataset_grupo_8_reescalado,esp,dataset_grupo_8_reescalado\esp\etiquetas.txt
dataset_grupo_99_reescalado\esp\esp_0215.png,0,dataset_grupo_99_reescalado,esp,dataset_grupo_99_reescalado\esp\etiquetas.txt
dataset_grupo_99_reescalado\esp\esp_0258.png,0,dataset_grupo_99_reescalado,esp,dataset_grupo_99_reescalado\esp\etiquetas.txt
dataset_grupo_6_reescalado\esp\esp_32_179.jpg,0,dataset_grupo_6_reescalado,esp,dataset_grupo_6_reescalado\esp\etiquetas.txt
dataset_grupo_8_reescalado\esp\esp_0222.png,0,dataset_grupo_8_reescalado,esp,dataset_grupo_8_reescalado\esp\etiquetas.txt
dataset_grupo_8_reescalado\esp\esp_0538.png,1,dataset_grupo_8_reescalado,esp,dataset_grupo_8_reescalado\esp\etiquetas.txt
dataset_grupo_8_reescalado\esp\esp_0511.png,0,dataset_grupo_8_reescalado,esp,dataset_grupo_8_reescalado\esp\etiquetas.txt
dataset_grupo_8_reescalado\esp\esp_0350.png,1,dataset_grupo_8_reescalado,esp,dataset_grupo_8_reescalado\esp\etiquetas.txt
dataset_grupo_99_reescalado\esp\esp_0178.png,0,dataset_grupo_99_reescalado,esp,dataset_grupo_99_reescalado\esp\etiquetas.txt
dataset_grupo_8_reescalado\esp\esp_0113.png,0,dataset_grupo_8_reescalado,esp,dataset_grupo_8_reescalado\esp\etiquetas.txt
dataset_grupo_8_reescalado\esp\esp_0594.png,0,dataset_grupo_8_reescalado,esp,dataset_grupo_8_reescalado\esp\etiquetas.txt
dataset_grupo_99_reescalado\esp\esp_0202.png,0,dataset_grupo_99_reescalado,esp,dataset_grupo_99_reescalado\esp\etiquetas.txt
dataset_grupo_8_reescalado\esp\esp_0447.png,1,dataset_grupo_8_reescalado,esp,dataset_grupo_8_reescalado\esp\etiquetas.txt
dataset_grupo_8_reescalado\esp\esp_0174.png,0,dataset_grupo_8_reescalado,esp,dataset_grupo_8_reescalado\esp\etiquetas.txt
dataset_grupo_99_reescalado\esp\esp_0084.png,0,dataset_grupo_99_reescalado,esp,dataset_grupo_99_reescalado\esp\etiquetas.txt
dataset_grupo_6_reescalado\esp\esp_32_185.jpg,0,dataset_grupo_6_reescalado,esp,dataset_grupo_6_reescalado\esp\etiquetas.txt
dataset_grupo_4_reescalado\esp\capture_20260422_202954_059695.jpg,1,dataset_grupo_4_reescalado,esp,dataset_grupo_4_reescalado\esp\etiquetas.txt
dataset_grupo_4_reescalado\esp\capture_20260422_195814_570246.jpg,1,dataset_grupo_4_reescalado,esp,dataset_grupo_4_reescalado\esp\etiquetas.txt
dataset_grupo_6_reescalado\esp\esp_32_137.jpg,1,dataset_grupo_6_reescalado,esp,dataset_grupo_6_reescalado\esp\etiquetas.txt
dataset_grupo_4_reescalado\esp\capture_20260422_202308_697404.jpg,1,dataset_grupo_4_reescalado,esp,dataset_grupo_4_reescalado\esp\etiquetas.txt
dataset_grupo_8_reescalado\esp\esp_0518.png,1,dataset_grupo_8_reescalado,esp,dataset_grupo_8_reescalado\esp\etiquetas.txt
dataset_grupo_99_reescalado\esp\esp_0127.png,0,dataset_grupo_99_reescalado,esp,dataset_grupo_99_reescalado\esp\etiquetas.txt
dataset_grupo_8_reescalado\esp\esp_0381.png,1,dataset_grupo_8_reescalado,esp,dataset_grupo_8_reescalado\esp\etiquetas.txt
dataset_grupo_4_reescalado\esp\capture_20260422_202329_138316.jpg,1,dataset_grupo_4_reescalado,esp,dataset_grupo_4_reescalado\esp\etiquetas.txt
dataset_grupo_99_reescalado\esp\esp_0034.png,0,dataset_grupo_99_reescalado,esp,dataset_grupo_99_reescalado\esp\etiquetas.txt
dataset_grupo_4_reescalado\esp\capture_20260422_203023_348364.jpg,1,dataset_grupo_4_reescalado,esp,dataset_grupo_4_reescalado\esp\etiquetas.txt
dataset_grupo_4_reescalado\esp\capture_20260422_203011_486511.jpg,1,dataset_grupo_4_reescalado,esp,dataset_grupo_4_reescalado\esp\etiquetas.txt
dataset_grupo_8_reescalado\esp\esp_0347.png,1,dataset_grupo_8_reescalado,esp,dataset_grupo_8_reescalado\esp\etiquetas.txt
dataset_grupo_4_reescalado\esp\capture_20260422_202308_970832.jpg,1,dataset_grupo_4_reescalado,esp,dataset_grupo_4_reescalado\esp\etiquetas.txt
dataset_grupo_4_reescalado\esp\capture_20260422_202933_824093.jpg,1,dataset_grupo_4_reescalado,esp,dataset_grupo_4_reescalado\esp\etiquetas.txt
dataset_grupo_99_reescalado\esp\esp_0143.png,0,dataset_grupo_99_reescalado,esp,dataset_grupo_99_reescalado\esp\etiquetas.txt
dataset_grupo_4_reescalado\esp\capture_20260422_202917_424566.jpg,1,dataset_grupo_4_reescalado,esp,dataset_grupo_4_reescalado\esp\etiquetas.txt
dataset_grupo_3_reescalado\esp\esp_025.jpg,1,dataset_grupo_3_reescalado,esp,dataset_grupo_3_reescalado\esp\etiquetas.txt
dataset_grupo_99_reescalado\esp\esp_0164.png,0,dataset_grupo_99_reescalado,esp,dataset_grupo_99_reescalado\esp\etiquetas.txt
dataset_grupo_8_reescalado\esp\esp_0309.png,0,dataset_grupo_8_reescalado,esp,dataset_grupo_8_reescalado\esp\etiquetas.txt
dataset_grupo_8_reescalado\esp\esp_0432.png,1,dataset_grupo_8_reescalado,esp,dataset_grupo_8_reescalado\esp\etiquetas.txt
dataset_grupo_8_reescalado\esp\esp_0100.png,0,dataset_grupo_8_reescalado,esp,dataset_grupo_8_reescalado\esp\etiquetas.txt
dataset_grupo_8_reescalado\esp\esp_0228.png,0,dataset_grupo_8_reescalado,esp,dataset_grupo_8_reescalado\esp\etiquetas.txt
dataset_grupo_3_reescalado\esp\esp_126.jpg,1,dataset_grupo_3_reescalado,esp,dataset_grupo_3_reescalado\esp\etiquetas.txt
dataset_grupo_6_reescalado\esp\esp_32_95.jpg,0,dataset_grupo_6_reescalado,esp,dataset_grupo_6_reescalado\esp\etiquetas.txt
dataset_grupo_3_reescalado\esp\esp_129.jpg,1,dataset_grupo_3_reescalado,esp,dataset_grupo_3_reescalado\esp\etiquetas.txt
dataset_grupo_8_reescalado\esp\esp_0301.png,1,dataset_grupo_8_reescalado,esp,dataset_grupo_8_reescalado\esp\etiquetas.txt
dataset_grupo_4_reescalado\esp\capture_20260422_202832_113120.jpg,1,dataset_grupo_4_reescalado,esp,dataset_grupo_4_reescalado\esp\etiquetas.txt
dataset_grupo_99_reescalado\esp\esp_0189.png,0,dataset_grupo_99_reescalado,esp,dataset_grupo_99_reescalado\esp\etiquetas.txt
dataset_grupo_4_reescalado\esp\capture_20260422_202312_332551.jpg,1,dataset_grupo_4_reescalado,esp,dataset_grupo_4_reescalado\esp\etiquetas.txt
dataset_grupo_8_reescalado\esp\esp_0478.png,1,dataset_grupo_8_reescalado,esp,dataset_grupo_8_reescalado\esp\etiquetas.txt
dataset_grupo_99_reescalado\esp\esp_0169.png,0,dataset_grupo_99_reescalado,esp,dataset_grupo_99_reescalado\esp\etiquetas.txt
dataset_grupo_4_reescalado\esp\capture_20260422_202929_013696.jpg,0,dataset_grupo_4_reescalado,esp,dataset_grupo_4_reescalado\esp\etiquetas.txt
dataset_grupo_99_reescalado\esp\esp_0092.png,0,dataset_grupo_99_reescalado,esp,dataset_grupo_99_reescalado\esp\etiquetas.txt
dataset_grupo_8_reescalado\esp\esp_0023.png,0,dataset_grupo_8_reescalado,esp,dataset_grupo_8_reescalado\esp\etiquetas.txt
dataset_grupo_3_reescalado\esp\esp_123.jpg,1,dataset_grupo_3_reescalado,esp,dataset_grupo_3_reescalado\esp\etiquetas.txt
dataset_grupo_8_reescalado\esp\esp_0128.png,0,dataset_grupo_8_reescalado,esp,dataset_grupo_8_reescalado\esp\etiquetas.txt
dataset_grupo_4_reescalado\esp\capture_20260422_203011_047056.jpg,1,dataset_grupo_4_reescalado,esp,dataset_grupo_4_reescalado\esp\etiquetas.txt
dataset_grupo_8_reescalado\esp\esp_0575.png,1,dataset_grupo_8_reescalado,esp,dataset_grupo_8_reescalado\esp\etiquetas.txt
dataset_grupo_8_reescalado\esp\esp_0178.png,0,dataset_grupo_8_reescalado,esp,dataset_grupo_8_reescalado\esp\etiquetas.txt
dataset_grupo_3_reescalado\esp\esp_059.jpg,1,dataset_grupo_3_reescalado,esp,dataset_grupo_3_reescalado\esp\etiquetas.txt
dataset_grupo_4_reescalado\esp\capture_20260422_201039_124071.jpg,1,dataset_grupo_4_reescalado,esp,dataset_grupo_4_reescalado\esp\etiquetas.txt
dataset_grupo_6_reescalado\esp\esp_32_147.jpg,0,dataset_grupo_6_reescalado,esp,dataset_grupo_6_reescalado\esp\etiquetas.txt
dataset_grupo_3_reescalado\esp\esp_088.jpg,1,dataset_grupo_3_reescalado,esp,dataset_grupo_3_reescalado\esp\etiquetas.txt
dataset_grupo_8_reescalado\esp\esp_0040.png,0,dataset_grupo_8_reescalado,esp,dataset_grupo_8_reescalado\esp\etiquetas.txt
dataset_grupo_8_reescalado\esp\esp_0532.png,1,dataset_grupo_8_reescalado,esp,dataset_grupo_8_reescalado\esp\etiquetas.txt
dataset_grupo_99_reescalado\esp\esp_0225.png,0,dataset_grupo_99_reescalado,esp,dataset_grupo_99_reescalado\esp\etiquetas.txt
dataset_grupo_4_reescalado\esp\capture_20260422_195914_947048.jpg,1,dataset_grupo_4_reescalado,esp,dataset_grupo_4_reescalado\esp\etiquetas.txt
dataset_grupo_4_reescalado\esp\capture_20260422_202246_513249.jpg,1,dataset_grupo_4_reescalado,esp,dataset_grupo_4_reescalado\esp\etiquetas.txt
dataset_grupo_8_reescalado\esp\esp_0531.png,1,dataset_grupo_8_reescalado,esp,dataset_grupo_8_reescalado\esp\etiquetas.txt
dataset_grupo_99_reescalado\esp\esp_0041.png,0,dataset_grupo_99_reescalado,esp,dataset_grupo_99_reescalado\esp\etiquetas.txt
dataset_grupo_3_reescalado\esp\esp_032.jpg,1,dataset_grupo_3_reescalado,esp,dataset_grupo_3_reescalado\esp\etiquetas.txt
dataset_grupo_4_reescalado\esp\capture_20260422_202938_025827.jpg,0,dataset_grupo_4_reescalado,esp,dataset_grupo_4_reescalado\esp\etiquetas.txt
dataset_grupo_99_reescalado\esp\esp_0180.png,0,dataset_grupo_99_reescalado,esp,dataset_grupo_99_reescalado\esp\etiquetas.txt
dataset_grupo_8_reescalado\esp\esp_0480.png,1,dataset_grupo_8_reescalado,esp,dataset_grupo_8_reescalado\esp\etiquetas.txt
dataset_grupo_6_reescalado\esp\esp_32_145.jpg,0,dataset_grupo_6_reescalado,esp,dataset_grupo_6_reescalado\esp\etiquetas.txt
dataset_grupo_8_reescalado\esp\esp_0206.png,0,dataset_grupo_8_reescalado,esp,dataset_grupo_8_reescalado\esp\etiquetas.txt
dataset_grupo_4_reescalado\esp\capture_20260422_200919_840742.jpg,1,dataset_grupo_4_reescalado,esp,dataset_grupo_4_reescalado\esp\etiquetas.txt
dataset_grupo_8_reescalado\esp\esp_0124.png,1,dataset_grupo_8_reescalado,esp,dataset_grupo_8_reescalado\esp\etiquetas.txt
dataset_grupo_99_reescalado\esp\esp_0096.png,0,dataset_grupo_99_reescalado,esp,dataset_grupo_99_reescalado\esp\etiquetas.txt
dataset_grupo_4_reescalado\esp\capture_20260422_202942_700702.jpg,1,dataset_grupo_4_reescalado,esp,dataset_grupo_4_reescalado\esp\etiquetas.txt
dataset_grupo_6_reescalado\esp\esp_32_15.jpg,0,dataset_grupo_6_reescalado,esp,dataset_grupo_6_reescalado\esp\etiquetas.txt
dataset_grupo_99_reescalado\esp\esp_0265.png,0,dataset_grupo_99_reescalado,esp,dataset_grupo_99_reescalado\esp\etiquetas.txt
dataset_grupo_4_reescalado\esp\capture_20260422_203020_184759.jpg,0,dataset_grupo_4_reescalado,esp,dataset_grupo_4_reescalado\esp\etiquetas.txt
dataset_grupo_6_reescalado\esp\esp_32_173.jpg,0,dataset_grupo_6_reescalado,esp,dataset_grupo_6_reescalado\esp\etiquetas.txt
dataset_grupo_8_reescalado\esp\esp_0362.png,1,dataset_grupo_8_reescalado,esp,dataset_grupo_8_reescalado\esp\etiquetas.txt
dataset_grupo_4_reescalado\esp\capture_20260422_202244_219864.jpg,1,dataset_grupo_4_reescalado,esp,dataset_grupo_4_reescalado\esp\etiquetas.txt
dataset_grupo_4_reescalado\esp\capture_20260422_203006_454596.jpg,1,dataset_grupo_4_reescalado,esp,dataset_grupo_4_reescalado\esp\etiquetas.txt
dataset_grupo_4_reescalado\esp\capture_20260422_202818_196103.jpg,1,dataset_grupo_4_reescalado,esp,dataset_grupo_4_reescalado\esp\etiquetas.txt
dataset_grupo_6_reescalado\esp\esp_32_47.jpg,1,dataset_grupo_6_reescalado,esp,dataset_grupo_6_reescalado\esp\etiquetas.txt
dataset_grupo_99_reescalado\esp\esp_0114.png,0,dataset_grupo_99_reescalado,esp,dataset_grupo_99_reescalado\esp\etiquetas.txt
dataset_grupo_4_reescalado\esp\capture_20260422_202936_456512.jpg,1,dataset_grupo_4_reescalado,esp,dataset_grupo_4_reescalado\esp\etiquetas.txt
dataset_grupo_4_reescalado\esp\capture_20260422_202913_558433.jpg,1,dataset_grupo_4_reescalado,esp,dataset_grupo_4_reescalado\esp\etiquetas.txt
dataset_grupo_4_reescalado\esp\capture_20260422_203001_661954.jpg,1,dataset_grupo_4_reescalado,esp,dataset_grupo_4_reescalado\esp\etiquetas.txt
dataset_grupo_8_reescalado\esp\esp_0431.png,1,dataset_grupo_8_reescalado,esp,dataset_grupo_8_reescalado\esp\etiquetas.txt
dataset_grupo_4_reescalado\esp\capture_20260422_202912_025526.jpg,1,dataset_grupo_4_reescalado,esp,dataset_grupo_4_reescalado\esp\etiquetas.txt
dataset_grupo_8_reescalado\esp\esp_0454.png,1,dataset_grupo_8_reescalado,esp,dataset_grupo_8_reescalado\esp\etiquetas.txt
dataset_grupo_4_reescalado\esp\capture_20260422_202907_910248.jpg,1,dataset_grupo_4_reescalado,esp,dataset_grupo_4_reescalado\esp\etiquetas.txt
dataset_grupo_8_reescalado\esp\esp_0580.png,1,dataset_grupo_8_reescalado,esp,dataset_grupo_8_reescalado\esp\etiquetas.txt
dataset_grupo_8_reescalado\esp\esp_0502.png,1,dataset_grupo_8_reescalado,esp,dataset_grupo_8_reescalado\esp\etiquetas.txt
dataset_grupo_8_reescalado\esp\esp_0192.png,0,dataset_grupo_8_reescalado,esp,dataset_grupo_8_reescalado\esp\etiquetas.txt
dataset_grupo_8_reescalado\esp\esp_0595.png,0,dataset_grupo_8_reescalado,esp,dataset_grupo_8_reescalado\esp\etiquetas.txt
dataset_grupo_4_reescalado\esp\capture_20260422_202328_214523.jpg,1,dataset_grupo_4_reescalado,esp,dataset_grupo_4_reescalado\esp\etiquetas.txt
dataset_grupo_4_reescalado\esp\capture_20260422_202239_812646.jpg,1,dataset_grupo_4_reescalado,esp,dataset_grupo_4_reescalado\esp\etiquetas.txt
dataset_grupo_8_reescalado\esp\esp_0030.png,0,dataset_grupo_8_reescalado,esp,dataset_grupo_8_reescalado\esp\etiquetas.txt
dataset_grupo_4_reescalado\esp\capture_20260422_202926_373317.jpg,1,dataset_grupo_4_reescalado,esp,dataset_grupo_4_reescalado\esp\etiquetas.txt
dataset_grupo_8_reescalado\esp\esp_0059.png,0,dataset_grupo_8_reescalado,esp,dataset_grupo_8_reescalado\esp\etiquetas.txt
dataset_grupo_99_reescalado\esp\esp_0030.png,0,dataset_grupo_99_reescalado,esp,dataset_grupo_99_reescalado\esp\etiquetas.txt
dataset_grupo_99_reescalado\esp\esp_0060.png,0,dataset_grupo_99_reescalado,esp,dataset_grupo_99_reescalado\esp\etiquetas.txt
dataset_grupo_99_reescalado\esp\esp_0170.png,0,dataset_grupo_99_reescalado,esp,dataset_grupo_99_reescalado\esp\etiquetas.txt
dataset_grupo_3_reescalado\esp\esp_105.jpg,1,dataset_grupo_3_reescalado,esp,dataset_grupo_3_reescalado\esp\etiquetas.txt
dataset_grupo_4_reescalado\esp\capture_20260422_202908_871603.jpg,1,dataset_grupo_4_reescalado,esp,dataset_grupo_4_reescalado\esp\etiquetas.txt
dataset_grupo_4_reescalado\esp\capture_20260422_200853_747883.jpg,1,dataset_grupo_4_reescalado,esp,dataset_grupo_4_reescalado\esp\etiquetas.txt
dataset_grupo_8_reescalado\esp\esp_0541.png,1,dataset_grupo_8_reescalado,esp,dataset_grupo_8_reescalado\esp\etiquetas.txt
dataset_grupo_8_reescalado\esp\esp_0399.png,0,dataset_grupo_8_reescalado,esp,dataset_grupo_8_reescalado\esp\etiquetas.txt
dataset_grupo_4_reescalado\esp\capture_20260422_195620_260364.jpg,0,dataset_grupo_4_reescalado,esp,dataset_grupo_4_reescalado\esp\etiquetas.txt
dataset_grupo_4_reescalado\esp\capture_20260422_200904_457902.jpg,0,dataset_grupo_4_reescalado,esp,dataset_grupo_4_reescalado\esp\etiquetas.txt
dataset_grupo_99_reescalado\esp\esp_0269.png,0,dataset_grupo_99_reescalado,esp,dataset_grupo_99_reescalado\esp\etiquetas.txt
dataset_grupo_4_reescalado\esp\capture_20260422_200655_747592.jpg,0,dataset_grupo_4_reescalado,esp,dataset_grupo_4_reescalado\esp\etiquetas.txt
dataset_grupo_4_reescalado\esp\capture_20260422_202912_631862.jpg,1,dataset_grupo_4_reescalado,esp,dataset_grupo_4_reescalado\esp\etiquetas.txt
dataset_grupo_8_reescalado\esp\esp_0146.png,0,dataset_grupo_8_reescalado,esp,dataset_grupo_8_reescalado\esp\etiquetas.txt
dataset_grupo_3_reescalado\esp\esp_028.jpg,1,dataset_grupo_3_reescalado,esp,dataset_grupo_3_reescalado\esp\etiquetas.txt
dataset_grupo_4_reescalado\esp\capture_20260422_202805_548351.jpg,0,dataset_grupo_4_reescalado,esp,dataset_grupo_4_reescalado\esp\etiquetas.txt
dataset_grupo_3_reescalado\esp\esp_027.jpg,1,dataset_grupo_3_reescalado,esp,dataset_grupo_3_reescalado\esp\etiquetas.txt
dataset_grupo_4_reescalado\esp\capture_20260422_203019_240605.jpg,0,dataset_grupo_4_reescalado,esp,dataset_grupo_4_reescalado\esp\etiquetas.txt
dataset_grupo_6_reescalado\esp\esp_32_16.jpg,0,dataset_grupo_6_reescalado,esp,dataset_grupo_6_reescalado\esp\etiquetas.txt
dataset_grupo_3_reescalado\esp\esp_005.jpg,1,dataset_grupo_3_reescalado,esp,dataset_grupo_3_reescalado\esp\etiquetas.txt
dataset_grupo_4_reescalado\esp\capture_20260422_202948_716658.jpg,1,dataset_grupo_4_reescalado,esp,dataset_grupo_4_reescalado\esp\etiquetas.txt
dataset_grupo_4_reescalado\esp\capture_20260422_202954_882298.jpg,0,dataset_grupo_4_reescalado,esp,dataset_grupo_4_reescalado\esp\etiquetas.txt
dataset_grupo_8_reescalado\esp\esp_0170.png,0,dataset_grupo_8_reescalado,esp,dataset_grupo_8_reescalado\esp\etiquetas.txt
dataset_grupo_4_reescalado\esp\capture_20260422_195758_477369.jpg,1,dataset_grupo_4_reescalado,esp,dataset_grupo_4_reescalado\esp\etiquetas.txt
dataset_grupo_8_reescalado\esp\esp_0246.png,1,dataset_grupo_8_reescalado,esp,dataset_grupo_8_reescalado\esp\etiquetas.txt
dataset_grupo_4_reescalado\esp\capture_20260422_203003_597837.jpg,1,dataset_grupo_4_reescalado,esp,dataset_grupo_4_reescalado\esp\etiquetas.txt
dataset_grupo_8_reescalado\esp\esp_0289.png,1,dataset_grupo_8_reescalado,esp,dataset_grupo_8_reescalado\esp\etiquetas.txt
dataset_grupo_8_reescalado\esp\esp_0565.png,0,dataset_grupo_8_reescalado,esp,dataset_grupo_8_reescalado\esp\etiquetas.txt
dataset_grupo_4_reescalado\esp\capture_20260422_202302_506991.jpg,0,dataset_grupo_4_reescalado,esp,dataset_grupo_4_reescalado\esp\etiquetas.txt
dataset_grupo_8_reescalado\esp\esp_0586.png,0,dataset_grupo_8_reescalado,esp,dataset_grupo_8_reescalado\esp\etiquetas.txt
dataset_grupo_99_reescalado\esp\esp_0082.png,0,dataset_grupo_99_reescalado,esp,dataset_grupo_99_reescalado\esp\etiquetas.txt
dataset_grupo_8_reescalado\esp\esp_0444.png,0,dataset_grupo_8_reescalado,esp,dataset_grupo_8_reescalado\esp\etiquetas.txt
dataset_grupo_99_reescalado\esp\esp_0036.png,0,dataset_grupo_99_reescalado,esp,dataset_grupo_99_reescalado\esp\etiquetas.txt
dataset_grupo_4_reescalado\esp\capture_20260422_202813_260414.jpg,1,dataset_grupo_4_reescalado,esp,dataset_grupo_4_reescalado\esp\etiquetas.txt
dataset_grupo_6_reescalado\esp\esp_32_27.jpg,0,dataset_grupo_6_reescalado,esp,dataset_grupo_6_reescalado\esp\etiquetas.txt
dataset_grupo_8_reescalado\esp\esp_0353.png,0,dataset_grupo_8_reescalado,esp,dataset_grupo_8_reescalado\esp\etiquetas.txt
dataset_grupo_8_reescalado\esp\esp_0117.png,0,dataset_grupo_8_reescalado,esp,dataset_grupo_8_reescalado\esp\etiquetas.txt
dataset_grupo_4_reescalado\esp\capture_20260422_202911_407608.jpg,1,dataset_grupo_4_reescalado,esp,dataset_grupo_4_reescalado\esp\etiquetas.txt
dataset_grupo_6_reescalado\esp\esp_32_86.jpg,0,dataset_grupo_6_reescalado,esp,dataset_grupo_6_reescalado\esp\etiquetas.txt
dataset_grupo_8_reescalado\esp\esp_0240.png,0,dataset_grupo_8_reescalado,esp,dataset_grupo_8_reescalado\esp\etiquetas.txt
dataset_grupo_8_reescalado\esp\esp_0503.png,1,dataset_grupo_8_reescalado,esp,dataset_grupo_8_reescalado\esp\etiquetas.txt
dataset_grupo_4_reescalado\esp\capture_20260422_201002_276526.jpg,1,dataset_grupo_4_reescalado,esp,dataset_grupo_4_reescalado\esp\etiquetas.txt
dataset_grupo_99_reescalado\esp\esp_0068.png,0,dataset_grupo_99_reescalado,esp,dataset_grupo_99_reescalado\esp\etiquetas.txt
dataset_grupo_4_reescalado\esp\capture_20260422_195747_909354.jpg,0,dataset_grupo_4_reescalado,esp,dataset_grupo_4_reescalado\esp\etiquetas.txt
dataset_grupo_3_reescalado\esp\esp_137.jpg,1,dataset_grupo_3_reescalado,esp,dataset_grupo_3_reescalado\esp\etiquetas.txt
dataset_grupo_4_reescalado\esp\capture_20260422_195636_917661.jpg,1,dataset_grupo_4_reescalado,esp,dataset_grupo_4_reescalado\esp\etiquetas.txt
dataset_grupo_8_reescalado\esp\esp_0119.png,0,dataset_grupo_8_reescalado,esp,dataset_grupo_8_reescalado\esp\etiquetas.txt
dataset_grupo_4_reescalado\esp\capture_20260422_195925_976013.jpg,1,dataset_grupo_4_reescalado,esp,dataset_grupo_4_reescalado\esp\etiquetas.txt
dataset_grupo_3_reescalado\esp\esp_004.jpg,1,dataset_grupo_3_reescalado,esp,dataset_grupo_3_reescalado\esp\etiquetas.txt
dataset_grupo_99_reescalado\esp\esp_0069.png,0,dataset_grupo_99_reescalado,esp,dataset_grupo_99_reescalado\esp\etiquetas.txt
dataset_grupo_8_reescalado\esp\esp_0043.png,0,dataset_grupo_8_reescalado,esp,dataset_grupo_8_reescalado\esp\etiquetas.txt
dataset_grupo_8_reescalado\esp\esp_0412.png,1,dataset_grupo_8_reescalado,esp,dataset_grupo_8_reescalado\esp\etiquetas.txt
dataset_grupo_4_reescalado\esp\capture_20260422_203001_352529.jpg,1,dataset_grupo_4_reescalado,esp,dataset_grupo_4_reescalado\esp\etiquetas.txt
dataset_grupo_6_reescalado\esp\esp_32_45.jpg,1,dataset_grupo_6_reescalado,esp,dataset_grupo_6_reescalado\esp\etiquetas.txt
dataset_grupo_6_reescalado\esp\esp_32_110.jpg,1,dataset_grupo_6_reescalado,esp,dataset_grupo_6_reescalado\esp\etiquetas.txt
dataset_grupo_8_reescalado\esp\esp_0286.png,0,dataset_grupo_8_reescalado,esp,dataset_grupo_8_reescalado\esp\etiquetas.txt
dataset_grupo_6_reescalado\esp\esp_32_204.jpg,1,dataset_grupo_6_reescalado,esp,dataset_grupo_6_reescalado\esp\etiquetas.txt
dataset_grupo_4_reescalado\esp\capture_20260422_203007_167836.jpg,1,dataset_grupo_4_reescalado,esp,dataset_grupo_4_reescalado\esp\etiquetas.txt
dataset_grupo_8_reescalado\esp\esp_0523.png,0,dataset_grupo_8_reescalado,esp,dataset_grupo_8_reescalado\esp\etiquetas.txt
dataset_grupo_8_reescalado\esp\esp_0414.png,1,dataset_grupo_8_reescalado,esp,dataset_grupo_8_reescalado\esp\etiquetas.txt
dataset_grupo_6_reescalado\esp\esp_32_191.jpg,0,dataset_grupo_6_reescalado,esp,dataset_grupo_6_reescalado\esp\etiquetas.txt
dataset_grupo_99_reescalado\esp\esp_0275.png,0,dataset_grupo_99_reescalado,esp,dataset_grupo_99_reescalado\esp\etiquetas.txt
dataset_grupo_8_reescalado\esp\esp_0225.png,0,dataset_grupo_8_reescalado,esp,dataset_grupo_8_reescalado\esp\etiquetas.txt
dataset_grupo_99_reescalado\esp\esp_0199.png,0,dataset_grupo_99_reescalado,esp,dataset_grupo_99_reescalado\esp\etiquetas.txt
dataset_grupo_4_reescalado\esp\capture_20260422_202322_125394.jpg,0,dataset_grupo_4_reescalado,esp,dataset_grupo_4_reescalado\esp\etiquetas.txt
dataset_grupo_99_reescalado\esp\esp_0013.png,0,dataset_grupo_99_reescalado,esp,dataset_grupo_99_reescalado\esp\etiquetas.txt
dataset_grupo_6_reescalado\esp\esp_32_109.jpg,0,dataset_grupo_6_reescalado,esp,dataset_grupo_6_reescalado\esp\etiquetas.txt
dataset_grupo_8_reescalado\esp\esp_0468.png,1,dataset_grupo_8_reescalado,esp,dataset_grupo_8_reescalado\esp\etiquetas.txt
dataset_grupo_8_reescalado\esp\esp_0553.png,1,dataset_grupo_8_reescalado,esp,dataset_grupo_8_reescalado\esp\etiquetas.txt
dataset_grupo_3_reescalado\esp\esp_124.jpg,1,dataset_grupo_3_reescalado,esp,dataset_grupo_3_reescalado\esp\etiquetas.txt
dataset_grupo_8_reescalado\esp\esp_0476.png,1,dataset_grupo_8_reescalado,esp,dataset_grupo_8_reescalado\esp\etiquetas.txt
dataset_grupo_99_reescalado\esp\esp_0009.png,0,dataset_grupo_99_reescalado,esp,dataset_grupo_99_reescalado\esp\etiquetas.txt
dataset_grupo_4_reescalado\esp\capture_20260422_195909_810469.jpg,1,dataset_grupo_4_reescalado,esp,dataset_grupo_4_reescalado\esp\etiquetas.txt
dataset_grupo_3_reescalado\esp\esp_132.jpg,1,dataset_grupo_3_reescalado,esp,dataset_grupo_3_reescalado\esp\etiquetas.txt
dataset_grupo_8_reescalado\esp\esp_0504.png,1,dataset_grupo_8_reescalado,esp,dataset_grupo_8_reescalado\esp\etiquetas.txt
dataset_grupo_8_reescalado\esp\esp_0056.png,0,dataset_grupo_8_reescalado,esp,dataset_grupo_8_reescalado\esp\etiquetas.txt
dataset_grupo_8_reescalado\esp\esp_0220.png,0,dataset_grupo_8_reescalado,esp,dataset_grupo_8_reescalado\esp\etiquetas.txt
dataset_grupo_4_reescalado\esp\capture_20260422_203022_713242.jpg,1,dataset_grupo_4_reescalado,esp,dataset_grupo_4_reescalado\esp\etiquetas.txt
dataset_grupo_8_reescalado\esp\esp_0258.png,0,dataset_grupo_8_reescalado,esp,dataset_grupo_8_reescalado\esp\etiquetas.txt
dataset_grupo_4_reescalado\esp\capture_20260422_203013_022425.jpg,0,dataset_grupo_4_reescalado,esp,dataset_grupo_4_reescalado\esp\etiquetas.txt
dataset_grupo_4_reescalado\esp\capture_20260422_202751_079971.jpg,1,dataset_grupo_4_reescalado,esp,dataset_grupo_4_reescalado\esp\etiquetas.txt
dataset_grupo_8_reescalado\esp\esp_0358.png,0,dataset_grupo_8_reescalado,esp,dataset_grupo_8_reescalado\esp\etiquetas.txt
dataset_grupo_99_reescalado\esp\esp_0104.png,0,dataset_grupo_99_reescalado,esp,dataset_grupo_99_reescalado\esp\etiquetas.txt
dataset_grupo_8_reescalado\esp\esp_0018.png,0,dataset_grupo_8_reescalado,esp,dataset_grupo_8_reescalado\esp\etiquetas.txt
dataset_grupo_8_reescalado\esp\esp_0310.png,0,dataset_grupo_8_reescalado,esp,dataset_grupo_8_reescalado\esp\etiquetas.txt
dataset_grupo_99_reescalado\esp\esp_0078.png,0,dataset_grupo_99_reescalado,esp,dataset_grupo_99_reescalado\esp\etiquetas.txt
dataset_grupo_99_reescalado\esp\esp_0201.png,0,dataset_grupo_99_reescalado,esp,dataset_grupo_99_reescalado\esp\etiquetas.txt
dataset_grupo_4_reescalado\esp\capture_20260422_202914_170688.jpg,1,dataset_grupo_4_reescalado,esp,dataset_grupo_4_reescalado\esp\etiquetas.txt
dataset_grupo_3_reescalado\esp\esp_096.jpg,1,dataset_grupo_3_reescalado,esp,dataset_grupo_3_reescalado\esp\etiquetas.txt
dataset_grupo_99_reescalado\esp\esp_0047.png,0,dataset_grupo_99_reescalado,esp,dataset_grupo_99_reescalado\esp\etiquetas.txt
dataset_grupo_3_reescalado\esp\esp_017.jpg,1,dataset_grupo_3_reescalado,esp,dataset_grupo_3_reescalado\esp\etiquetas.txt
dataset_grupo_99_reescalado\esp\esp_0050.png,0,dataset_grupo_99_reescalado,esp,dataset_grupo_99_reescalado\esp\etiquetas.txt
dataset_grupo_99_reescalado\esp\esp_0070.png,0,dataset_grupo_99_reescalado,esp,dataset_grupo_99_reescalado\esp\etiquetas.txt
dataset_grupo_99_reescalado\esp\esp_0001.png,0,dataset_grupo_99_reescalado,esp,dataset_grupo_99_reescalado\esp\etiquetas.txt
dataset_grupo_8_reescalado\esp\esp_0216.png,0,dataset_grupo_8_reescalado,esp,dataset_grupo_8_reescalado\esp\etiquetas.txt
dataset_grupo_6_reescalado\esp\esp_32_166.jpg,0,dataset_grupo_6_reescalado,esp,dataset_grupo_6_reescalado\esp\etiquetas.txt
dataset_grupo_4_reescalado\esp\capture_20260422_202809_275802.jpg,1,dataset_grupo_4_reescalado,esp,dataset_grupo_4_reescalado\esp\etiquetas.txt
dataset_grupo_6_reescalado\esp\esp_32_153.jpg,1,dataset_grupo_6_reescalado,esp,dataset_grupo_6_reescalado\esp\etiquetas.txt
dataset_grupo_8_reescalado\esp\esp_0151.png,0,dataset_grupo_8_reescalado,esp,dataset_grupo_8_reescalado\esp\etiquetas.txt
dataset_grupo_8_reescalado\esp\esp_0002.png,1,dataset_grupo_8_reescalado,esp,dataset_grupo_8_reescalado\esp\etiquetas.txt
dataset_grupo_99_reescalado\esp\esp_0065.png,0,dataset_grupo_99_reescalado,esp,dataset_grupo_99_reescalado\esp\etiquetas.txt
dataset_grupo_6_reescalado\esp\esp_32_157.jpg,1,dataset_grupo_6_reescalado,esp,dataset_grupo_6_reescalado\esp\etiquetas.txt
dataset_grupo_4_reescalado\esp\capture_20260422_195752_969951.jpg,1,dataset_grupo_4_reescalado,esp,dataset_grupo_4_reescalado\esp\etiquetas.txt
dataset_grupo_4_reescalado\esp\capture_20260422_202927_048546.jpg,1,dataset_grupo_4_reescalado,esp,dataset_grupo_4_reescalado\esp\etiquetas.txt
dataset_grupo_4_reescalado\esp\capture_20260422_202939_866902.jpg,1,dataset_grupo_4_reescalado,esp,dataset_grupo_4_reescalado\esp\etiquetas.txt
dataset_grupo_3_reescalado\esp\esp_020.jpg,1,dataset_grupo_3_reescalado,esp,dataset_grupo_3_reescalado\esp\etiquetas.txt
dataset_grupo_6_reescalado\esp\esp_32_48.jpg,1,dataset_grupo_6_reescalado,esp,dataset_grupo_6_reescalado\esp\etiquetas.txt
dataset_grupo_4_reescalado\esp\capture_20260422_200941_016451.jpg,1,dataset_grupo_4_reescalado,esp,dataset_grupo_4_reescalado\esp\etiquetas.txt
dataset_grupo_99_reescalado\esp\esp_0242.png,0,dataset_grupo_99_reescalado,esp,dataset_grupo_99_reescalado\esp\etiquetas.txt
dataset_grupo_99_reescalado\esp\esp_0282.png,0,dataset_grupo_99_reescalado,esp,dataset_grupo_99_reescalado\esp\etiquetas.txt
dataset_grupo_4_reescalado\esp\capture_20260422_202752_834675.jpg,1,dataset_grupo_4_reescalado,esp,dataset_grupo_4_reescalado\esp\etiquetas.txt
dataset_grupo_4_reescalado\esp\capture_20260422_203002_789692.jpg,1,dataset_grupo_4_reescalado,esp,dataset_grupo_4_reescalado\esp\etiquetas.txt
dataset_grupo_4_reescalado\esp\capture_20260422_202919_391701.jpg,1,dataset_grupo_4_reescalado,esp,dataset_grupo_4_reescalado\esp\etiquetas.txt
dataset_grupo_8_reescalado\esp\esp_0182.png,0,dataset_grupo_8_reescalado,esp,dataset_grupo_8_reescalado\esp\etiquetas.txt
dataset_grupo_8_reescalado\esp\esp_0344.png,0,dataset_grupo_8_reescalado,esp,dataset_grupo_8_reescalado\esp\etiquetas.txt
dataset_grupo_8_reescalado\esp\esp_0589.png,0,dataset_grupo_8_reescalado,esp,dataset_grupo_8_reescalado\esp\etiquetas.txt
dataset_grupo_4_reescalado\esp\capture_20260422_202320_510276.jpg,0,dataset_grupo_4_reescalado,esp,dataset_grupo_4_reescalado\esp\etiquetas.txt
dataset_grupo_8_reescalado\esp\esp_0046.png,0,dataset_grupo_8_reescalado,esp,dataset_grupo_8_reescalado\esp\etiquetas.txt
dataset_grupo_3_reescalado\esp\esp_138.jpg,1,dataset_grupo_3_reescalado,esp,dataset_grupo_3_reescalado\esp\etiquetas.txt
dataset_grupo_4_reescalado\esp\capture_20260422_202750_168817.jpg,1,dataset_grupo_4_reescalado,esp,dataset_grupo_4_reescalado\esp\etiquetas.txt
dataset_grupo_8_reescalado\esp\esp_0317.png,1,dataset_grupo_8_reescalado,esp,dataset_grupo_8_reescalado\esp\etiquetas.txt
dataset_grupo_4_reescalado\esp\capture_20260422_202319_471248.jpg,0,dataset_grupo_4_reescalado,esp,dataset_grupo_4_reescalado\esp\etiquetas.txt
dataset_grupo_6_reescalado\esp\esp_32_97.jpg,1,dataset_grupo_6_reescalado,esp,dataset_grupo_6_reescalado\esp\etiquetas.txt
dataset_grupo_99_reescalado\esp\esp_0135.png,0,dataset_grupo_99_reescalado,esp,dataset_grupo_99_reescalado\esp\etiquetas.txt
dataset_grupo_99_reescalado\esp\esp_0126.png,0,dataset_grupo_99_reescalado,esp,dataset_grupo_99_reescalado\esp\etiquetas.txt
dataset_grupo_6_reescalado\esp\esp_32_12.jpg,0,dataset_grupo_6_reescalado,esp,dataset_grupo_6_reescalado\esp\etiquetas.txt
dataset_grupo_8_reescalado\esp\esp_0395.png,1,dataset_grupo_8_reescalado,esp,dataset_grupo_8_reescalado\esp\etiquetas.txt
dataset_grupo_8_reescalado\esp\esp_0201.png,1,dataset_grupo_8_reescalado,esp,dataset_grupo_8_reescalado\esp\etiquetas.txt
dataset_grupo_6_reescalado\esp\esp_32_73.jpg,0,dataset_grupo_6_reescalado,esp,dataset_grupo_6_reescalado\esp\etiquetas.txt
dataset_grupo_6_reescalado\esp\esp_32_20.jpg,0,dataset_grupo_6_reescalado,esp,dataset_grupo_6_reescalado\esp\etiquetas.txt
dataset_grupo_8_reescalado\esp\esp_0325.png,1,dataset_grupo_8_reescalado,esp,dataset_grupo_8_reescalado\esp\etiquetas.txt
dataset_grupo_3_reescalado\esp\esp_110.jpg,1,dataset_grupo_3_reescalado,esp,dataset_grupo_3_reescalado\esp\etiquetas.txt
dataset_grupo_6_reescalado\esp\esp_32_170.jpg,0,dataset_grupo_6_reescalado,esp,dataset_grupo_6_reescalado\esp\etiquetas.txt
dataset_grupo_99_reescalado\esp\esp_0042.png,0,dataset_grupo_99_reescalado,esp,dataset_grupo_99_reescalado\esp\etiquetas.txt
dataset_grupo_8_reescalado\esp\esp_0445.png,0,dataset_grupo_8_reescalado,esp,dataset_grupo_8_reescalado\esp\etiquetas.txt
dataset_grupo_3_reescalado\esp\esp_079.jpg,1,dataset_grupo_3_reescalado,esp,dataset_grupo_3_reescalado\esp\etiquetas.txt
dataset_grupo_6_reescalado\esp\esp_32_4.jpg,1,dataset_grupo_6_reescalado,esp,dataset_grupo_6_reescalado\esp\etiquetas.txt
dataset_grupo_4_reescalado\esp\capture_20260422_202323_781906.jpg,1,dataset_grupo_4_reescalado,esp,dataset_grupo_4_reescalado\esp\etiquetas.txt
dataset_grupo_8_reescalado\esp\esp_0084.png,0,dataset_grupo_8_reescalado,esp,dataset_grupo_8_reescalado\esp\etiquetas.txt
dataset_grupo_4_reescalado\esp\capture_20260422_202925_622946.jpg,1,dataset_grupo_4_reescalado,esp,dataset_grupo_4_reescalado\esp\etiquetas.txt
dataset_grupo_8_reescalado\esp\esp_0570.png,1,dataset_grupo_8_reescalado,esp,dataset_grupo_8_reescalado\esp\etiquetas.txt
dataset_grupo_4_reescalado\esp\capture_20260422_202237_138518.jpg,1,dataset_grupo_4_reescalado,esp,dataset_grupo_4_reescalado\esp\etiquetas.txt
dataset_grupo_8_reescalado\esp\esp_0366.png,1,dataset_grupo_8_reescalado,esp,dataset_grupo_8_reescalado\esp\etiquetas.txt
dataset_grupo_3_reescalado\esp\esp_144.jpg,1,dataset_grupo_3_reescalado,esp,dataset_grupo_3_reescalado\esp\etiquetas.txt
dataset_grupo_8_reescalado\esp\esp_0185.png,0,dataset_grupo_8_reescalado,esp,dataset_grupo_8_reescalado\esp\etiquetas.txt
dataset_grupo_99_reescalado\esp\esp_0054.png,0,dataset_grupo_99_reescalado,esp,dataset_grupo_99_reescalado\esp\etiquetas.txt
dataset_grupo_4_reescalado\esp\capture_20260422_203015_038717.jpg,0,dataset_grupo_4_reescalado,esp,dataset_grupo_4_reescalado\esp\etiquetas.txt
dataset_grupo_8_reescalado\esp\esp_0550.png,1,dataset_grupo_8_reescalado,esp,dataset_grupo_8_reescalado\esp\etiquetas.txt
dataset_grupo_4_reescalado\esp\capture_20260422_200914_771250.jpg,1,dataset_grupo_4_reescalado,esp,dataset_grupo_4_reescalado\esp\etiquetas.txt
dataset_grupo_6_reescalado\esp\esp_32_155.jpg,1,dataset_grupo_6_reescalado,esp,dataset_grupo_6_reescalado\esp\etiquetas.txt
dataset_grupo_8_reescalado\esp\esp_0527.png,1,dataset_grupo_8_reescalado,esp,dataset_grupo_8_reescalado\esp\etiquetas.txt
dataset_grupo_8_reescalado\esp\esp_0331.png,0,dataset_grupo_8_reescalado,esp,dataset_grupo_8_reescalado\esp\etiquetas.txt
dataset_grupo_4_reescalado\esp\capture_20260422_202802_506177.jpg,1,dataset_grupo_4_reescalado,esp,dataset_grupo_4_reescalado\esp\etiquetas.txt
dataset_grupo_4_reescalado\esp\capture_20260422_202754_358834.jpg,1,dataset_grupo_4_reescalado,esp,dataset_grupo_4_reescalado\esp\etiquetas.txt
dataset_grupo_99_reescalado\esp\esp_0043.png,0,dataset_grupo_99_reescalado,esp,dataset_grupo_99_reescalado\esp\etiquetas.txt
dataset_grupo_4_reescalado\esp\capture_20260422_202749_277705.jpg,1,dataset_grupo_4_reescalado,esp,dataset_grupo_4_reescalado\esp\etiquetas.txt
dataset_grupo_99_reescalado\esp\esp_0015.png,0,dataset_grupo_99_reescalado,esp,dataset_grupo_99_reescalado\esp\etiquetas.txt
dataset_grupo_99_reescalado\esp\esp_0017.png,0,dataset_grupo_99_reescalado,esp,dataset_grupo_99_reescalado\esp\etiquetas.txt
dataset_grupo_99_reescalado\esp\esp_0198.png,0,dataset_grupo_99_reescalado,esp,dataset_grupo_99_reescalado\esp\etiquetas.txt
dataset_grupo_4_reescalado\esp\capture_20260422_195658_913881.jpg,0,dataset_grupo_4_reescalado,esp,dataset_grupo_4_reescalado\esp\etiquetas.txt
dataset_grupo_8_reescalado\esp\esp_0302.png,1,dataset_grupo_8_reescalado,esp,dataset_grupo_8_reescalado\esp\etiquetas.txt
dataset_grupo_99_reescalado\esp\esp_0007.png,0,dataset_grupo_99_reescalado,esp,dataset_grupo_99_reescalado\esp\etiquetas.txt
dataset_grupo_4_reescalado\esp\capture_20260422_202921_746026.jpg,1,dataset_grupo_4_reescalado,esp,dataset_grupo_4_reescalado\esp\etiquetas.txt
dataset_grupo_8_reescalado\esp\esp_0423.png,1,dataset_grupo_8_reescalado,esp,dataset_grupo_8_reescalado\esp\etiquetas.txt
dataset_grupo_4_reescalado\esp\capture_20260422_202934_740015.jpg,1,dataset_grupo_4_reescalado,esp,dataset_grupo_4_reescalado\esp\etiquetas.txt
dataset_grupo_6_reescalado\esp\esp_32_2.jpg,1,dataset_grupo_6_reescalado,esp,dataset_grupo_6_reescalado\esp\etiquetas.txt
dataset_grupo_8_reescalado\esp\esp_0035.png,0,dataset_grupo_8_reescalado,esp,dataset_grupo_8_reescalado\esp\etiquetas.txt
dataset_grupo_8_reescalado\esp\esp_0291.png,1,dataset_grupo_8_reescalado,esp,dataset_grupo_8_reescalado\esp\etiquetas.txt
dataset_grupo_99_reescalado\esp\esp_0280.png,0,dataset_grupo_99_reescalado,esp,dataset_grupo_99_reescalado\esp\etiquetas.txt
dataset_grupo_4_reescalado\esp\capture_20260422_202314_459845.jpg,1,dataset_grupo_4_reescalado,esp,dataset_grupo_4_reescalado\esp\etiquetas.txt
dataset_grupo_8_reescalado\esp\esp_0455.png,0,dataset_grupo_8_reescalado,esp,dataset_grupo_8_reescalado\esp\etiquetas.txt
dataset_grupo_8_reescalado\esp\esp_0255.png,0,dataset_grupo_8_reescalado,esp,dataset_grupo_8_reescalado\esp\etiquetas.txt
dataset_grupo_6_reescalado\esp\esp_32_152.jpg,1,dataset_grupo_6_reescalado,esp,dataset_grupo_6_reescalado\esp\etiquetas.txt
dataset_grupo_8_reescalado\esp\esp_0597.png,0,dataset_grupo_8_reescalado,esp,dataset_grupo_8_reescalado\esp\etiquetas.txt
dataset_grupo_6_reescalado\esp\esp_32_59.jpg,1,dataset_grupo_6_reescalado,esp,dataset_grupo_6_reescalado\esp\etiquetas.txt
dataset_grupo_8_reescalado\esp\esp_0263.png,1,dataset_grupo_8_reescalado,esp,dataset_grupo_8_reescalado\esp\etiquetas.txt
dataset_grupo_4_reescalado\esp\capture_20260422_202931_157548.jpg,1,dataset_grupo_4_reescalado,esp,dataset_grupo_4_reescalado\esp\etiquetas.txt
dataset_grupo_6_reescalado\esp\esp_32_101.jpg,0,dataset_grupo_6_reescalado,esp,dataset_grupo_6_reescalado\esp\etiquetas.txt
dataset_grupo_8_reescalado\esp\esp_0315.png,1,dataset_grupo_8_reescalado,esp,dataset_grupo_8_reescalado\esp\etiquetas.txt
dataset_grupo_8_reescalado\esp\esp_0163.png,0,dataset_grupo_8_reescalado,esp,dataset_grupo_8_reescalado\esp\etiquetas.txt
dataset_grupo_3_reescalado\esp\esp_075.jpg,1,dataset_grupo_3_reescalado,esp,dataset_grupo_3_reescalado\esp\etiquetas.txt
dataset_grupo_99_reescalado\esp\esp_0246.png,0,dataset_grupo_99_reescalado,esp,dataset_grupo_99_reescalado\esp\etiquetas.txt
dataset_grupo_99_reescalado\esp\esp_0039.png,0,dataset_grupo_99_reescalado,esp,dataset_grupo_99_reescalado\esp\etiquetas.txt
dataset_grupo_99_reescalado\esp\esp_0057.png,0,dataset_grupo_99_reescalado,esp,dataset_grupo_99_reescalado\esp\etiquetas.txt
dataset_grupo_3_reescalado\esp\esp_055.jpg,1,dataset_grupo_3_reescalado,esp,dataset_grupo_3_reescalado\esp\etiquetas.txt
dataset_grupo_99_reescalado\esp\esp_0053.png,0,dataset_grupo_99_reescalado,esp,dataset_grupo_99_reescalado\esp\etiquetas.txt
dataset_grupo_8_reescalado\esp\esp_0044.png,0,dataset_grupo_8_reescalado,esp,dataset_grupo_8_reescalado\esp\etiquetas.txt
dataset_grupo_8_reescalado\esp\esp_0449.png,1,dataset_grupo_8_reescalado,esp,dataset_grupo_8_reescalado\esp\etiquetas.txt
dataset_grupo_4_reescalado\esp\capture_20260422_202822_675328.jpg,0,dataset_grupo_4_reescalado,esp,dataset_grupo_4_reescalado\esp\etiquetas.txt
dataset_grupo_8_reescalado\esp\esp_0367.png,1,dataset_grupo_8_reescalado,esp,dataset_grupo_8_reescalado\esp\etiquetas.txt
dataset_grupo_3_reescalado\esp\esp_097.jpg,1,dataset_grupo_3_reescalado,esp,dataset_grupo_3_reescalado\esp\etiquetas.txt
dataset_grupo_99_reescalado\esp\esp_0077.png,0,dataset_grupo_99_reescalado,esp,dataset_grupo_99_reescalado\esp\etiquetas.txt
dataset_grupo_8_reescalado\esp\esp_0329.png,1,dataset_grupo_8_reescalado,esp,dataset_grupo_8_reescalado\esp\etiquetas.txt
dataset_grupo_8_reescalado\esp\esp_0396.png,0,dataset_grupo_8_reescalado,esp,dataset_grupo_8_reescalado\esp\etiquetas.txt
dataset_grupo_4_reescalado\esp\capture_20260422_202933_210182.jpg,1,dataset_grupo_4_reescalado,esp,dataset_grupo_4_reescalado\esp\etiquetas.txt
dataset_grupo_99_reescalado\esp\esp_0195.png,0,dataset_grupo_99_reescalado,esp,dataset_grupo_99_reescalado\esp\etiquetas.txt
dataset_grupo_6_reescalado\esp\esp_32_112.jpg,1,dataset_grupo_6_reescalado,esp,dataset_grupo_6_reescalado\esp\etiquetas.txt
dataset_grupo_4_reescalado\esp\capture_20260422_202955_167677.jpg,0,dataset_grupo_4_reescalado,esp,dataset_grupo_4_reescalado\esp\etiquetas.txt
dataset_grupo_8_reescalado\esp\esp_0076.png,0,dataset_grupo_8_reescalado,esp,dataset_grupo_8_reescalado\esp\etiquetas.txt
dataset_grupo_4_reescalado\esp\capture_20260422_202808_106574.jpg,1,dataset_grupo_4_reescalado,esp,dataset_grupo_4_reescalado\esp\etiquetas.txt
dataset_grupo_8_reescalado\esp\esp_0116.png,0,dataset_grupo_8_reescalado,esp,dataset_grupo_8_reescalado\esp\etiquetas.txt
dataset_grupo_8_reescalado\esp\esp_0411.png,1,dataset_grupo_8_reescalado,esp,dataset_grupo_8_reescalado\esp\etiquetas.txt
dataset_grupo_6_reescalado\esp\esp_32_21.jpg,0,dataset_grupo_6_reescalado,esp,dataset_grupo_6_reescalado\esp\etiquetas.txt
dataset_grupo_8_reescalado\esp\esp_0238.png,0,dataset_grupo_8_reescalado,esp,dataset_grupo_8_reescalado\esp\etiquetas.txt
dataset_grupo_4_reescalado\esp\capture_20260422_202833_703160.jpg,1,dataset_grupo_4_reescalado,esp,dataset_grupo_4_reescalado\esp\etiquetas.txt
dataset_grupo_4_reescalado\esp\capture_20260422_201219_260255.jpg,1,dataset_grupo_4_reescalado,esp,dataset_grupo_4_reescalado\esp\etiquetas.txt
dataset_grupo_8_reescalado\esp\esp_0204.png,0,dataset_grupo_8_reescalado,esp,dataset_grupo_8_reescalado\esp\etiquetas.txt
dataset_grupo_8_reescalado\esp\esp_0036.png,0,dataset_grupo_8_reescalado,esp,dataset_grupo_8_reescalado\esp\etiquetas.txt
dataset_grupo_99_reescalado\esp\esp_0264.png,0,dataset_grupo_99_reescalado,esp,dataset_grupo_99_reescalado\esp\etiquetas.txt
dataset_grupo_8_reescalado\esp\esp_0231.png,0,dataset_grupo_8_reescalado,esp,dataset_grupo_8_reescalado\esp\etiquetas.txt
dataset_grupo_4_reescalado\esp\capture_20260422_201142_788646.jpg,1,dataset_grupo_4_reescalado,esp,dataset_grupo_4_reescalado\esp\etiquetas.txt
dataset_grupo_4_reescalado\esp\capture_20260422_202807_182993.jpg,1,dataset_grupo_4_reescalado,esp,dataset_grupo_4_reescalado\esp\etiquetas.txt
dataset_grupo_8_reescalado\esp\esp_0261.png,1,dataset_grupo_8_reescalado,esp,dataset_grupo_8_reescalado\esp\etiquetas.txt
dataset_grupo_8_reescalado\esp\esp_0200.png,0,dataset_grupo_8_reescalado,esp,dataset_grupo_8_reescalado\esp\etiquetas.txt
dataset_grupo_6_reescalado\esp\esp_32_88.jpg,0,dataset_grupo_6_reescalado,esp,dataset_grupo_6_reescalado\esp\etiquetas.txt
dataset_grupo_8_reescalado\esp\esp_0545.png,0,dataset_grupo_8_reescalado,esp,dataset_grupo_8_reescalado\esp\etiquetas.txt
dataset_grupo_3_reescalado\esp\esp_122.jpg,1,dataset_grupo_3_reescalado,esp,dataset_grupo_3_reescalado\esp\etiquetas.txt
dataset_grupo_3_reescalado\esp\esp_091.jpg,1,dataset_grupo_3_reescalado,esp,dataset_grupo_3_reescalado\esp\etiquetas.txt
dataset_grupo_6_reescalado\esp\esp_32_37.jpg,1,dataset_grupo_6_reescalado,esp,dataset_grupo_6_reescalado\esp\etiquetas.txt
dataset_grupo_99_reescalado\esp\esp_0210.png,0,dataset_grupo_99_reescalado,esp,dataset_grupo_99_reescalado\esp\etiquetas.txt
dataset_grupo_6_reescalado\esp\esp_32_161.jpg,1,dataset_grupo_6_reescalado,esp,dataset_grupo_6_reescalado\esp\etiquetas.txt
dataset_grupo_8_reescalado\esp\esp_0252.png,0,dataset_grupo_8_reescalado,esp,dataset_grupo_8_reescalado\esp\etiquetas.txt
dataset_grupo_8_reescalado\esp\esp_0552.png,0,dataset_grupo_8_reescalado,esp,dataset_grupo_8_reescalado\esp\etiquetas.txt
dataset_grupo_4_reescalado\esp\capture_20260422_202951_638358.jpg,1,dataset_grupo_4_reescalado,esp,dataset_grupo_4_reescalado\esp\etiquetas.txt
dataset_grupo_6_reescalado\esp\esp_32_127.jpg,1,dataset_grupo_6_reescalado,esp,dataset_grupo_6_reescalado\esp\etiquetas.txt
dataset_grupo_4_reescalado\esp\capture_20260422_202903_790061.jpg,1,dataset_grupo_4_reescalado,esp,dataset_grupo_4_reescalado\esp\etiquetas.txt
dataset_grupo_4_reescalado\esp\capture_20260422_200739_834846.jpg,1,dataset_grupo_4_reescalado,esp,dataset_grupo_4_reescalado\esp\etiquetas.txt
dataset_grupo_8_reescalado\esp\esp_0540.png,1,dataset_grupo_8_reescalado,esp,dataset_grupo_8_reescalado\esp\etiquetas.txt
dataset_grupo_4_reescalado\esp\capture_20260422_202247_407874.jpg,0,dataset_grupo_4_reescalado,esp,dataset_grupo_4_reescalado\esp\etiquetas.txt
dataset_grupo_4_reescalado\esp\capture_20260422_201054_680105.jpg,0,dataset_grupo_4_reescalado,esp,dataset_grupo_4_reescalado\esp\etiquetas.txt
dataset_grupo_6_reescalado\esp\esp_32_174.jpg,0,dataset_grupo_6_reescalado,esp,dataset_grupo_6_reescalado\esp\etiquetas.txt
dataset_grupo_4_reescalado\esp\capture_20260422_202806_211504.jpg,1,dataset_grupo_4_reescalado,esp,dataset_grupo_4_reescalado\esp\etiquetas.txt
dataset_grupo_3_reescalado\esp\esp_117.jpg,1,dataset_grupo_3_reescalado,esp,dataset_grupo_3_reescalado\esp\etiquetas.txt
dataset_grupo_8_reescalado\esp\esp_0534.png,1,dataset_grupo_8_reescalado,esp,dataset_grupo_8_reescalado\esp\etiquetas.txt
dataset_grupo_99_reescalado\esp\esp_0035.png,0,dataset_grupo_99_reescalado,esp,dataset_grupo_99_reescalado\esp\etiquetas.txt
dataset_grupo_6_reescalado\esp\esp_32_190.jpg,0,dataset_grupo_6_reescalado,esp,dataset_grupo_6_reescalado\esp\etiquetas.txt
dataset_grupo_8_reescalado\esp\esp_0096.png,0,dataset_grupo_8_reescalado,esp,dataset_grupo_8_reescalado\esp\etiquetas.txt
dataset_grupo_8_reescalado\esp\esp_0430.png,1,dataset_grupo_8_reescalado,esp,dataset_grupo_8_reescalado\esp\etiquetas.txt
dataset_grupo_4_reescalado\esp\capture_20260422_202313_783365.jpg,1,dataset_grupo_4_reescalado,esp,dataset_grupo_4_reescalado\esp\etiquetas.txt
dataset_grupo_8_reescalado\esp\esp_0472.png,1,dataset_grupo_8_reescalado,esp,dataset_grupo_8_reescalado\esp\etiquetas.txt
dataset_grupo_99_reescalado\esp\esp_0121.png,0,dataset_grupo_99_reescalado,esp,dataset_grupo_99_reescalado\esp\etiquetas.txt
dataset_grupo_99_reescalado\esp\esp_0123.png,0,dataset_grupo_99_reescalado,esp,dataset_grupo_99_reescalado\esp\etiquetas.txt
dataset_grupo_4_reescalado\esp\capture_20260422_202929_632775.jpg,1,dataset_grupo_4_reescalado,esp,dataset_grupo_4_reescalado\esp\etiquetas.txt
dataset_grupo_8_reescalado\esp\esp_0574.png,1,dataset_grupo_8_reescalado,esp,dataset_grupo_8_reescalado\esp\etiquetas.txt
dataset_grupo_8_reescalado\esp\esp_0158.png,0,dataset_grupo_8_reescalado,esp,dataset_grupo_8_reescalado\esp\etiquetas.txt
dataset_grupo_4_reescalado\esp\capture_20260422_202257_325752.jpg,0,dataset_grupo_4_reescalado,esp,dataset_grupo_4_reescalado\esp\etiquetas.txt
dataset_grupo_99_reescalado\esp\esp_0119.png,0,dataset_grupo_99_reescalado,esp,dataset_grupo_99_reescalado\esp\etiquetas.txt
dataset_grupo_8_reescalado\esp\esp_0275.png,1,dataset_grupo_8_reescalado,esp,dataset_grupo_8_reescalado\esp\etiquetas.txt
dataset_grupo_99_reescalado\esp\esp_0238.png,0,dataset_grupo_99_reescalado,esp,dataset_grupo_99_reescalado\esp\etiquetas.txt
dataset_grupo_6_reescalado\esp\esp_32_39.jpg,0,dataset_grupo_6_reescalado,esp,dataset_grupo_6_reescalado\esp\etiquetas.txt
dataset_grupo_8_reescalado\esp\esp_0061.png,0,dataset_grupo_8_reescalado,esp,dataset_grupo_8_reescalado\esp\etiquetas.txt
dataset_grupo_8_reescalado\esp\esp_0389.png,1,dataset_grupo_8_reescalado,esp,dataset_grupo_8_reescalado\esp\etiquetas.txt
dataset_grupo_8_reescalado\esp\esp_0456.png,1,dataset_grupo_8_reescalado,esp,dataset_grupo_8_reescalado\esp\etiquetas.txt
dataset_grupo_8_reescalado\esp\esp_0451.png,1,dataset_grupo_8_reescalado,esp,dataset_grupo_8_reescalado\esp\etiquetas.txt
dataset_grupo_8_reescalado\esp\esp_0039.png,0,dataset_grupo_8_reescalado,esp,dataset_grupo_8_reescalado\esp\etiquetas.txt
dataset_grupo_99_reescalado\esp\esp_0205.png,0,dataset_grupo_99_reescalado,esp,dataset_grupo_99_reescalado\esp\etiquetas.txt
dataset_grupo_3_reescalado\esp\esp_078.jpg,1,dataset_grupo_3_reescalado,esp,dataset_grupo_3_reescalado\esp\etiquetas.txt
dataset_grupo_3_reescalado\esp\esp_013.jpg,1,dataset_grupo_3_reescalado,esp,dataset_grupo_3_reescalado\esp\etiquetas.txt
dataset_grupo_8_reescalado\esp\esp_0110.png,0,dataset_grupo_8_reescalado,esp,dataset_grupo_8_reescalado\esp\etiquetas.txt
dataset_grupo_8_reescalado\esp\esp_0070.png,0,dataset_grupo_8_reescalado,esp,dataset_grupo_8_reescalado\esp\etiquetas.txt
dataset_grupo_3_reescalado\esp\esp_143.jpg,1,dataset_grupo_3_reescalado,esp,dataset_grupo_3_reescalado\esp\etiquetas.txt
dataset_grupo_8_reescalado\esp\esp_0135.png,1,dataset_grupo_8_reescalado,esp,dataset_grupo_8_reescalado\esp\etiquetas.txt
dataset_grupo_8_reescalado\esp\esp_0448.png,1,dataset_grupo_8_reescalado,esp,dataset_grupo_8_reescalado\esp\etiquetas.txt
dataset_grupo_8_reescalado\esp\esp_0099.png,0,dataset_grupo_8_reescalado,esp,dataset_grupo_8_reescalado\esp\etiquetas.txt
dataset_grupo_4_reescalado\esp\capture_20260422_202931_955378.jpg,1,dataset_grupo_4_reescalado,esp,dataset_grupo_4_reescalado\esp\etiquetas.txt
dataset_grupo_8_reescalado\esp\esp_0303.png,1,dataset_grupo_8_reescalado,esp,dataset_grupo_8_reescalado\esp\etiquetas.txt
dataset_grupo_8_reescalado\esp\esp_0101.png,1,dataset_grupo_8_reescalado,esp,dataset_grupo_8_reescalado\esp\etiquetas.txt
dataset_grupo_99_reescalado\esp\esp_0177.png,0,dataset_grupo_99_reescalado,esp,dataset_grupo_99_reescalado\esp\etiquetas.txt
dataset_grupo_4_reescalado\esp\capture_20260422_202300_864156.jpg,0,dataset_grupo_4_reescalado,esp,dataset_grupo_4_reescalado\esp\etiquetas.txt
dataset_grupo_6_reescalado\esp\esp_32_178.jpg,0,dataset_grupo_6_reescalado,esp,dataset_grupo_6_reescalado\esp\etiquetas.txt
dataset_grupo_8_reescalado\esp\esp_0137.png,0,dataset_grupo_8_reescalado,esp,dataset_grupo_8_reescalado\esp\etiquetas.txt
dataset_grupo_8_reescalado\esp\esp_0588.png,0,dataset_grupo_8_reescalado,esp,dataset_grupo_8_reescalado\esp\etiquetas.txt
dataset_grupo_6_reescalado\esp\esp_32_52.jpg,0,dataset_grupo_6_reescalado,esp,dataset_grupo_6_reescalado\esp\etiquetas.txt
dataset_grupo_4_reescalado\esp\capture_20260422_203010_146085.jpg,1,dataset_grupo_4_reescalado,esp,dataset_grupo_4_reescalado\esp\etiquetas.txt
dataset_grupo_99_reescalado\esp\esp_0018.png,0,dataset_grupo_99_reescalado,esp,dataset_grupo_99_reescalado\esp\etiquetas.txt
dataset_grupo_8_reescalado\esp\esp_0517.png,1,dataset_grupo_8_reescalado,esp,dataset_grupo_8_reescalado\esp\etiquetas.txt
dataset_grupo_99_reescalado\esp\esp_0124.png,0,dataset_grupo_99_reescalado,esp,dataset_grupo_99_reescalado\esp\etiquetas.txt
dataset_grupo_8_reescalado\esp\esp_0520.png,0,dataset_grupo_8_reescalado,esp,dataset_grupo_8_reescalado\esp\etiquetas.txt
dataset_grupo_99_reescalado\esp\esp_0227.png,0,dataset_grupo_99_reescalado,esp,dataset_grupo_99_reescalado\esp\etiquetas.txt
dataset_grupo_4_reescalado\esp\capture_20260422_202309_666352.jpg,1,dataset_grupo_4_reescalado,esp,dataset_grupo_4_reescalado\esp\etiquetas.txt
dataset_grupo_4_reescalado\esp\capture_20260422_202756_489011.jpg,1,dataset_grupo_4_reescalado,esp,dataset_grupo_4_reescalado\esp\etiquetas.txt
dataset_grupo_99_reescalado\esp\esp_0263.png,0,dataset_grupo_99_reescalado,esp,dataset_grupo_99_reescalado\esp\etiquetas.txt
dataset_grupo_8_reescalado\esp\esp_0305.png,0,dataset_grupo_8_reescalado,esp,dataset_grupo_8_reescalado\esp\etiquetas.txt
dataset_grupo_4_reescalado\esp\capture_20260422_202905_467582.jpg,1,dataset_grupo_4_reescalado,esp,dataset_grupo_4_reescalado\esp\etiquetas.txt
dataset_grupo_8_reescalado\esp\esp_0048.png,0,dataset_grupo_8_reescalado,esp,dataset_grupo_8_reescalado\esp\etiquetas.txt
dataset_grupo_4_reescalado\esp\capture_20260422_201235_368285.jpg,1,dataset_grupo_4_reescalado,esp,dataset_grupo_4_reescalado\esp\etiquetas.txt
dataset_grupo_8_reescalado\esp\esp_0055.png,0,dataset_grupo_8_reescalado,esp,dataset_grupo_8_reescalado\esp\etiquetas.txt
dataset_grupo_8_reescalado\esp\esp_0090.png,1,dataset_grupo_8_reescalado,esp,dataset_grupo_8_reescalado\esp\etiquetas.txt
dataset_grupo_3_reescalado\esp\esp_089.jpg,1,dataset_grupo_3_reescalado,esp,dataset_grupo_3_reescalado\esp\etiquetas.txt
dataset_grupo_4_reescalado\esp\capture_20260422_195809_468776.jpg,1,dataset_grupo_4_reescalado,esp,dataset_grupo_4_reescalado\esp\etiquetas.txt
dataset_grupo_8_reescalado\esp\esp_0248.png,0,dataset_grupo_8_reescalado,esp,dataset_grupo_8_reescalado\esp\etiquetas.txt
dataset_grupo_6_reescalado\esp\esp_32_35.jpg,1,dataset_grupo_6_reescalado,esp,dataset_grupo_6_reescalado\esp\etiquetas.txt
dataset_grupo_8_reescalado\esp\esp_0403.png,1,dataset_grupo_8_reescalado,esp,dataset_grupo_8_reescalado\esp\etiquetas.txt
dataset_grupo_4_reescalado\esp\capture_20260422_202949_676234.jpg,1,dataset_grupo_4_reescalado,esp,dataset_grupo_4_reescalado\esp\etiquetas.txt
dataset_grupo_99_reescalado\esp\esp_0038.png,0,dataset_grupo_99_reescalado,esp,dataset_grupo_99_reescalado\esp\etiquetas.txt
dataset_grupo_4_reescalado\esp\capture_20260422_201044_184118.jpg,1,dataset_grupo_4_reescalado,esp,dataset_grupo_4_reescalado\esp\etiquetas.txt
dataset_grupo_8_reescalado\esp\esp_0326.png,1,dataset_grupo_8_reescalado,esp,dataset_grupo_8_reescalado\esp\etiquetas.txt
dataset_grupo_99_reescalado\esp\esp_0136.png,0,dataset_grupo_99_reescalado,esp,dataset_grupo_99_reescalado\esp\etiquetas.txt
dataset_grupo_6_reescalado\esp\esp_32_121.jpg,0,dataset_grupo_6_reescalado,esp,dataset_grupo_6_reescalado\esp\etiquetas.txt
dataset_grupo_8_reescalado\esp\esp_0087.png,0,dataset_grupo_8_reescalado,esp,dataset_grupo_8_reescalado\esp\etiquetas.txt
dataset_grupo_99_reescalado\esp\esp_0174.png,0,dataset_grupo_99_reescalado,esp,dataset_grupo_99_reescalado\esp\etiquetas.txt
dataset_grupo_8_reescalado\esp\esp_0072.png,0,dataset_grupo_8_reescalado,esp,dataset_grupo_8_reescalado\esp\etiquetas.txt
dataset_grupo_6_reescalado\esp\esp_32_99.jpg,0,dataset_grupo_6_reescalado,esp,dataset_grupo_6_reescalado\esp\etiquetas.txt
dataset_grupo_8_reescalado\esp\esp_0288.png,0,dataset_grupo_8_reescalado,esp,dataset_grupo_8_reescalado\esp\etiquetas.txt
dataset_grupo_6_reescalado\esp\esp_32_123.jpg,1,dataset_grupo_6_reescalado,esp,dataset_grupo_6_reescalado\esp\etiquetas.txt
dataset_grupo_8_reescalado\esp\esp_0345.png,1,dataset_grupo_8_reescalado,esp,dataset_grupo_8_reescalado\esp\etiquetas.txt
dataset_grupo_8_reescalado\esp\esp_0153.png,0,dataset_grupo_8_reescalado,esp,dataset_grupo_8_reescalado\esp\etiquetas.txt
dataset_grupo_99_reescalado\esp\esp_0192.png,0,dataset_grupo_99_reescalado,esp,dataset_grupo_99_reescalado\esp\etiquetas.txt
dataset_grupo_8_reescalado\esp\esp_0188.png,0,dataset_grupo_8_reescalado,esp,dataset_grupo_8_reescalado\esp\etiquetas.txt
dataset_grupo_8_reescalado\esp\esp_0377.png,0,dataset_grupo_8_reescalado,esp,dataset_grupo_8_reescalado\esp\etiquetas.txt
dataset_grupo_4_reescalado\esp\capture_20260422_202247_153151.jpg,1,dataset_grupo_4_reescalado,esp,dataset_grupo_4_reescalado\esp\etiquetas.txt
dataset_grupo_4_reescalado\esp\capture_20260422_195904_724987.jpg,1,dataset_grupo_4_reescalado,esp,dataset_grupo_4_reescalado\esp\etiquetas.txt
dataset_grupo_99_reescalado\esp\esp_0080.png,0,dataset_grupo_99_reescalado,esp,dataset_grupo_99_reescalado\esp\etiquetas.txt
dataset_grupo_8_reescalado\esp\esp_0279.png,1,dataset_grupo_8_reescalado,esp,dataset_grupo_8_reescalado\esp\etiquetas.txt
dataset_grupo_99_reescalado\esp\esp_0255.png,0,dataset_grupo_99_reescalado,esp,dataset_grupo_99_reescalado\esp\etiquetas.txt
dataset_grupo_6_reescalado\esp\esp_32_53.jpg,0,dataset_grupo_6_reescalado,esp,dataset_grupo_6_reescalado\esp\etiquetas.txt
dataset_grupo_8_reescalado\esp\esp_0546.png,1,dataset_grupo_8_reescalado,esp,dataset_grupo_8_reescalado\esp\etiquetas.txt
dataset_grupo_6_reescalado\esp\esp_32_129.jpg,1,dataset_grupo_6_reescalado,esp,dataset_grupo_6_reescalado\esp\etiquetas.txt
dataset_grupo_99_reescalado\esp\esp_0251.png,0,dataset_grupo_99_reescalado,esp,dataset_grupo_99_reescalado\esp\etiquetas.txt
dataset_grupo_8_reescalado\esp\esp_0469.png,1,dataset_grupo_8_reescalado,esp,dataset_grupo_8_reescalado\esp\etiquetas.txt
dataset_grupo_99_reescalado\esp\esp_0207.png,0,dataset_grupo_99_reescalado,esp,dataset_grupo_99_reescalado\esp\etiquetas.txt
dataset_grupo_4_reescalado\esp\capture_20260422_203019_875604.jpg,0,dataset_grupo_4_reescalado,esp,dataset_grupo_4_reescalado\esp\etiquetas.txt
dataset_grupo_3_reescalado\esp\esp_109.jpg,1,dataset_grupo_3_reescalado,esp,dataset_grupo_3_reescalado\esp\etiquetas.txt
dataset_grupo_4_reescalado\esp\capture_20260422_195931_693912.jpg,1,dataset_grupo_4_reescalado,esp,dataset_grupo_4_reescalado\esp\etiquetas.txt
dataset_grupo_8_reescalado\esp\esp_0208.png,0,dataset_grupo_8_reescalado,esp,dataset_grupo_8_reescalado\esp\etiquetas.txt
dataset_grupo_8_reescalado\esp\esp_0085.png,0,dataset_grupo_8_reescalado,esp,dataset_grupo_8_reescalado\esp\etiquetas.txt
dataset_grupo_4_reescalado\esp\capture_20260422_203000_729742.jpg,0,dataset_grupo_4_reescalado,esp,dataset_grupo_4_reescalado\esp\etiquetas.txt
dataset_grupo_6_reescalado\esp\esp_32_28.jpg,0,dataset_grupo_6_reescalado,esp,dataset_grupo_6_reescalado\esp\etiquetas.txt
dataset_grupo_99_reescalado\esp\esp_0237.png,0,dataset_grupo_99_reescalado,esp,dataset_grupo_99_reescalado\esp\etiquetas.txt
dataset_grupo_3_reescalado\esp\esp_093.jpg,1,dataset_grupo_3_reescalado,esp,dataset_grupo_3_reescalado\esp\etiquetas.txt
dataset_grupo_6_reescalado\esp\esp_32_56.jpg,0,dataset_grupo_6_reescalado,esp,dataset_grupo_6_reescalado\esp\etiquetas.txt
dataset_grupo_8_reescalado\esp\esp_0457.png,1,dataset_grupo_8_reescalado,esp,dataset_grupo_8_reescalado\esp\etiquetas.txt
dataset_grupo_4_reescalado\esp\capture_20260422_202321_134145.jpg,0,dataset_grupo_4_reescalado,esp,dataset_grupo_4_reescalado\esp\etiquetas.txt
dataset_grupo_8_reescalado\esp\esp_0413.png,1,dataset_grupo_8_reescalado,esp,dataset_grupo_8_reescalado\esp\etiquetas.txt
dataset_grupo_4_reescalado\esp\capture_20260422_203019_545378.jpg,0,dataset_grupo_4_reescalado,esp,dataset_grupo_4_reescalado\esp\etiquetas.txt
dataset_grupo_4_reescalado\esp\capture_20260422_202237_436990.jpg,1,dataset_grupo_4_reescalado,esp,dataset_grupo_4_reescalado\esp\etiquetas.txt
dataset_grupo_8_reescalado\esp\esp_0356.png,0,dataset_grupo_8_reescalado,esp,dataset_grupo_8_reescalado\esp\etiquetas.txt
dataset_grupo_99_reescalado\esp\esp_0221.png,0,dataset_grupo_99_reescalado,esp,dataset_grupo_99_reescalado\esp\etiquetas.txt
dataset_grupo_8_reescalado\esp\esp_0243.png,0,dataset_grupo_8_reescalado,esp,dataset_grupo_8_reescalado\esp\etiquetas.txt
dataset_grupo_4_reescalado\esp\capture_20260422_202242_145198.jpg,1,dataset_grupo_4_reescalado,esp,dataset_grupo_4_reescalado\esp\etiquetas.txt
dataset_grupo_4_reescalado\esp\capture_20260422_202302_094443.jpg,0,dataset_grupo_4_reescalado,esp,dataset_grupo_4_reescalado\esp\etiquetas.txt
dataset_grupo_6_reescalado\esp\esp_32_159.jpg,0,dataset_grupo_6_reescalado,esp,dataset_grupo_6_reescalado\esp\etiquetas.txt
dataset_grupo_8_reescalado\esp\esp_0223.png,1,dataset_grupo_8_reescalado,esp,dataset_grupo_8_reescalado\esp\etiquetas.txt
dataset_grupo_4_reescalado\esp\capture_20260422_202749_863330.jpg,1,dataset_grupo_4_reescalado,esp,dataset_grupo_4_reescalado\esp\etiquetas.txt
dataset_grupo_3_reescalado\esp\esp_062.jpg,1,dataset_grupo_3_reescalado,esp,dataset_grupo_3_reescalado\esp\etiquetas.txt
dataset_grupo_8_reescalado\esp\esp_0493.png,1,dataset_grupo_8_reescalado,esp,dataset_grupo_8_reescalado\esp\etiquetas.txt
dataset_grupo_4_reescalado\esp\capture_20260422_202947_225644.jpg,1,dataset_grupo_4_reescalado,esp,dataset_grupo_4_reescalado\esp\etiquetas.txt
dataset_grupo_3_reescalado\esp\esp_098.jpg,1,dataset_grupo_3_reescalado,esp,dataset_grupo_3_reescalado\esp\etiquetas.txt
dataset_grupo_4_reescalado\esp\capture_20260422_202304_975689.jpg,0,dataset_grupo_4_reescalado,esp,dataset_grupo_4_reescalado\esp\etiquetas.txt
dataset_grupo_6_reescalado\esp\esp_32_194.jpg,0,dataset_grupo_6_reescalado,esp,dataset_grupo_6_reescalado\esp\etiquetas.txt
dataset_grupo_8_reescalado\esp\esp_0012.png,0,dataset_grupo_8_reescalado,esp,dataset_grupo_8_reescalado\esp\etiquetas.txt
dataset_grupo_99_reescalado\esp\esp_0049.png,0,dataset_grupo_99_reescalado,esp,dataset_grupo_99_reescalado\esp\etiquetas.txt
dataset_grupo_8_reescalado\esp\esp_0033.png,0,dataset_grupo_8_reescalado,esp,dataset_grupo_8_reescalado\esp\etiquetas.txt
dataset_grupo_4_reescalado\esp\capture_20260422_202256_235782.jpg,0,dataset_grupo_4_reescalado,esp,dataset_grupo_4_reescalado\esp\etiquetas.txt
dataset_grupo_6_reescalado\esp\esp_32_87.jpg,0,dataset_grupo_6_reescalado,esp,dataset_grupo_6_reescalado\esp\etiquetas.txt
dataset_grupo_99_reescalado\esp\esp_0132.png,0,dataset_grupo_99_reescalado,esp,dataset_grupo_99_reescalado\esp\etiquetas.txt
dataset_grupo_8_reescalado\esp\esp_0034.png,0,dataset_grupo_8_reescalado,esp,dataset_grupo_8_reescalado\esp\etiquetas.txt
dataset_grupo_4_reescalado\esp\capture_20260422_200650_644410.jpg,0,dataset_grupo_4_reescalado,esp,dataset_grupo_4_reescalado\esp\etiquetas.txt
dataset_grupo_99_reescalado\esp\esp_0284.png,0,dataset_grupo_99_reescalado,esp,dataset_grupo_99_reescalado\esp\etiquetas.txt
dataset_grupo_6_reescalado\esp\esp_32_119.jpg,0,dataset_grupo_6_reescalado,esp,dataset_grupo_6_reescalado\esp\etiquetas.txt
dataset_grupo_4_reescalado\esp\capture_20260422_202307_997496.jpg,1,dataset_grupo_4_reescalado,esp,dataset_grupo_4_reescalado\esp\etiquetas.txt
dataset_grupo_8_reescalado\esp\esp_0247.png,0,dataset_grupo_8_reescalado,esp,dataset_grupo_8_reescalado\esp\etiquetas.txt
dataset_grupo_8_reescalado\esp\esp_0211.png,0,dataset_grupo_8_reescalado,esp,dataset_grupo_8_reescalado\esp\etiquetas.txt
dataset_grupo_3_reescalado\esp\esp_136.jpg,1,dataset_grupo_3_reescalado,esp,dataset_grupo_3_reescalado\esp\etiquetas.txt
dataset_grupo_8_reescalado\esp\esp_0443.png,1,dataset_grupo_8_reescalado,esp,dataset_grupo_8_reescalado\esp\etiquetas.txt
dataset_grupo_8_reescalado\esp\esp_0513.png,1,dataset_grupo_8_reescalado,esp,dataset_grupo_8_reescalado\esp\etiquetas.txt
dataset_grupo_4_reescalado\esp\capture_20260422_195836_642350.jpg,0,dataset_grupo_4_reescalado,esp,dataset_grupo_4_reescalado\esp\etiquetas.txt
dataset_grupo_4_reescalado\esp\capture_20260422_202940_858379.jpg,1,dataset_grupo_4_reescalado,esp,dataset_grupo_4_reescalado\esp\etiquetas.txt
dataset_grupo_4_reescalado\esp\capture_20260422_202925_931011.jpg,1,dataset_grupo_4_reescalado,esp,dataset_grupo_4_reescalado\esp\etiquetas.txt
dataset_grupo_99_reescalado\esp\esp_0243.png,0,dataset_grupo_99_reescalado,esp,dataset_grupo_99_reescalado\esp\etiquetas.txt
dataset_grupo_3_reescalado\esp\esp_061.jpg,1,dataset_grupo_3_reescalado,esp,dataset_grupo_3_reescalado\esp\etiquetas.txt
dataset_grupo_8_reescalado\esp\esp_0068.png,1,dataset_grupo_8_reescalado,esp,dataset_grupo_8_reescalado\esp\etiquetas.txt
dataset_grupo_8_reescalado\esp\esp_0442.png,1,dataset_grupo_8_reescalado,esp,dataset_grupo_8_reescalado\esp\etiquetas.txt
dataset_grupo_4_reescalado\esp\capture_20260422_202259_708651.jpg,0,dataset_grupo_4_reescalado,esp,dataset_grupo_4_reescalado\esp\etiquetas.txt
dataset_grupo_99_reescalado\esp\esp_0028.png,0,dataset_grupo_99_reescalado,esp,dataset_grupo_99_reescalado\esp\etiquetas.txt
dataset_grupo_3_reescalado\esp\esp_083.jpg,1,dataset_grupo_3_reescalado,esp,dataset_grupo_3_reescalado\esp\etiquetas.txt
dataset_grupo_8_reescalado\esp\esp_0498.png,1,dataset_grupo_8_reescalado,esp,dataset_grupo_8_reescalado\esp\etiquetas.txt
dataset_grupo_8_reescalado\esp\esp_0459.png,1,dataset_grupo_8_reescalado,esp,dataset_grupo_8_reescalado\esp\etiquetas.txt
dataset_grupo_6_reescalado\esp\esp_32_124.jpg,1,dataset_grupo_6_reescalado,esp,dataset_grupo_6_reescalado\esp\etiquetas.txt
dataset_grupo_99_reescalado\esp\esp_0066.png,0,dataset_grupo_99_reescalado,esp,dataset_grupo_99_reescalado\esp\etiquetas.txt
dataset_grupo_6_reescalado\esp\esp_32_43.jpg,1,dataset_grupo_6_reescalado,esp,dataset_grupo_6_reescalado\esp\etiquetas.txt
dataset_grupo_4_reescalado\esp\capture_20260422_202903_205955.jpg,1,dataset_grupo_4_reescalado,esp,dataset_grupo_4_reescalado\esp\etiquetas.txt
dataset_grupo_8_reescalado\esp\esp_0168.png,0,dataset_grupo_8_reescalado,esp,dataset_grupo_8_reescalado\esp\etiquetas.txt
dataset_grupo_6_reescalado\esp\esp_32_51.jpg,0,dataset_grupo_6_reescalado,esp,dataset_grupo_6_reescalado\esp\etiquetas.txt
dataset_grupo_8_reescalado\esp\esp_0232.png,0,dataset_grupo_8_reescalado,esp,dataset_grupo_8_reescalado\esp\etiquetas.txt
dataset_grupo_8_reescalado\esp\esp_0488.png,1,dataset_grupo_8_reescalado,esp,dataset_grupo_8_reescalado\esp\etiquetas.txt
dataset_grupo_3_reescalado\esp\esp_106.jpg,1,dataset_grupo_3_reescalado,esp,dataset_grupo_3_reescalado\esp\etiquetas.txt
dataset_grupo_4_reescalado\esp\capture_20260422_202322_400248.jpg,1,dataset_grupo_4_reescalado,esp,dataset_grupo_4_reescalado\esp\etiquetas.txt
dataset_grupo_3_reescalado\esp\esp_074.jpg,1,dataset_grupo_3_reescalado,esp,dataset_grupo_3_reescalado\esp\etiquetas.txt
dataset_grupo_8_reescalado\esp\esp_0587.png,0,dataset_grupo_8_reescalado,esp,dataset_grupo_8_reescalado\esp\etiquetas.txt
dataset_grupo_4_reescalado\esp\capture_20260422_202755_877060.jpg,1,dataset_grupo_4_reescalado,esp,dataset_grupo_4_reescalado\esp\etiquetas.txt
dataset_grupo_6_reescalado\esp\esp_32_33.jpg,1,dataset_grupo_6_reescalado,esp,dataset_grupo_6_reescalado\esp\etiquetas.txt
dataset_grupo_3_reescalado\esp\esp_003.jpg,1,dataset_grupo_3_reescalado,esp,dataset_grupo_3_reescalado\esp\etiquetas.txt
dataset_grupo_4_reescalado\esp\capture_20260422_201158_433983.jpg,1,dataset_grupo_4_reescalado,esp,dataset_grupo_4_reescalado\esp\etiquetas.txt
dataset_grupo_99_reescalado\esp\esp_0079.png,0,dataset_grupo_99_reescalado,esp,dataset_grupo_99_reescalado\esp\etiquetas.txt
dataset_grupo_3_reescalado\esp\esp_111.jpg,1,dataset_grupo_3_reescalado,esp,dataset_grupo_3_reescalado\esp\etiquetas.txt
dataset_grupo_4_reescalado\esp\capture_20260422_202312_946475.jpg,1,dataset_grupo_4_reescalado,esp,dataset_grupo_4_reescalado\esp\etiquetas.txt
dataset_grupo_8_reescalado\esp\esp_0224.png,1,dataset_grupo_8_reescalado,esp,dataset_grupo_8_reescalado\esp\etiquetas.txt
dataset_grupo_99_reescalado\esp\esp_0191.png,0,dataset_grupo_99_reescalado,esp,dataset_grupo_99_reescalado\esp\etiquetas.txt
dataset_grupo_6_reescalado\esp\esp_32_84.jpg,1,dataset_grupo_6_reescalado,esp,dataset_grupo_6_reescalado\esp\etiquetas.txt
dataset_grupo_4_reescalado\esp\capture_20260422_202830_145908.jpg,1,dataset_grupo_4_reescalado,esp,dataset_grupo_4_reescalado\esp\etiquetas.txt
dataset_grupo_6_reescalado\esp\esp_32_83.jpg,0,dataset_grupo_6_reescalado,esp,dataset_grupo_6_reescalado\esp\etiquetas.txt
dataset_grupo_4_reescalado\esp\capture_20260422_195920_438830.jpg,1,dataset_grupo_4_reescalado,esp,dataset_grupo_4_reescalado\esp\etiquetas.txt
dataset_grupo_8_reescalado\esp\esp_0105.png,0,dataset_grupo_8_reescalado,esp,dataset_grupo_8_reescalado\esp\etiquetas.txt
dataset_grupo_8_reescalado\esp\esp_0007.png,0,dataset_grupo_8_reescalado,esp,dataset_grupo_8_reescalado\esp\etiquetas.txt
dataset_grupo_8_reescalado\esp\esp_0092.png,0,dataset_grupo_8_reescalado,esp,dataset_grupo_8_reescalado\esp\etiquetas.txt
dataset_grupo_4_reescalado\esp\capture_20260422_201147_834190.jpg,1,dataset_grupo_4_reescalado,esp,dataset_grupo_4_reescalado\esp\etiquetas.txt
dataset_grupo_4_reescalado\esp\capture_20260422_202327_411984.jpg,1,dataset_grupo_4_reescalado,esp,dataset_grupo_4_reescalado\esp\etiquetas.txt
dataset_grupo_6_reescalado\esp\esp_32_177.jpg,0,dataset_grupo_6_reescalado,esp,dataset_grupo_6_reescalado\esp\etiquetas.txt
dataset_grupo_8_reescalado\esp\esp_0250.png,0,dataset_grupo_8_reescalado,esp,dataset_grupo_8_reescalado\esp\etiquetas.txt
dataset_grupo_99_reescalado\esp\esp_0173.png,0,dataset_grupo_99_reescalado,esp,dataset_grupo_99_reescalado\esp\etiquetas.txt
dataset_grupo_8_reescalado\esp\esp_0509.png,1,dataset_grupo_8_reescalado,esp,dataset_grupo_8_reescalado\esp\etiquetas.txt
dataset_grupo_8_reescalado\esp\esp_0446.png,1,dataset_grupo_8_reescalado,esp,dataset_grupo_8_reescalado\esp\etiquetas.txt
dataset_grupo_8_reescalado\esp\esp_0359.png,1,dataset_grupo_8_reescalado,esp,dataset_grupo_8_reescalado\esp\etiquetas.txt
dataset_grupo_3_reescalado\esp\esp_115.jpg,1,dataset_grupo_3_reescalado,esp,dataset_grupo_3_reescalado\esp\etiquetas.txt
dataset_grupo_8_reescalado\esp\esp_0060.png,0,dataset_grupo_8_reescalado,esp,dataset_grupo_8_reescalado\esp\etiquetas.txt
dataset_grupo_4_reescalado\esp\capture_20260422_203008_905817.jpg,1,dataset_grupo_4_reescalado,esp,dataset_grupo_4_reescalado\esp\etiquetas.txt
dataset_grupo_4_reescalado\esp\capture_20260422_203003_115396.jpg,1,dataset_grupo_4_reescalado,esp,dataset_grupo_4_reescalado\esp\etiquetas.txt
dataset_grupo_8_reescalado\esp\esp_0165.png,0,dataset_grupo_8_reescalado,esp,dataset_grupo_8_reescalado\esp\etiquetas.txt
dataset_grupo_6_reescalado\esp\esp_32_55.jpg,1,dataset_grupo_6_reescalado,esp,dataset_grupo_6_reescalado\esp\etiquetas.txt
dataset_grupo_8_reescalado\esp\esp_0479.png,1,dataset_grupo_8_reescalado,esp,dataset_grupo_8_reescalado\esp\etiquetas.txt
dataset_grupo_4_reescalado\esp\capture_20260422_202327_061990.jpg,1,dataset_grupo_4_reescalado,esp,dataset_grupo_4_reescalado\esp\etiquetas.txt
dataset_grupo_99_reescalado\esp\esp_0166.png,0,dataset_grupo_99_reescalado,esp,dataset_grupo_99_reescalado\esp\etiquetas.txt
dataset_grupo_8_reescalado\esp\esp_0384.png,0,dataset_grupo_8_reescalado,esp,dataset_grupo_8_reescalado\esp\etiquetas.txt
dataset_grupo_99_reescalado\esp\esp_0161.png,0,dataset_grupo_99_reescalado,esp,dataset_grupo_99_reescalado\esp\etiquetas.txt
dataset_grupo_4_reescalado\esp\capture_20260422_203000_376507.jpg,1,dataset_grupo_4_reescalado,esp,dataset_grupo_4_reescalado\esp\etiquetas.txt
dataset_grupo_8_reescalado\esp\esp_0515.png,1,dataset_grupo_8_reescalado,esp,dataset_grupo_8_reescalado\esp\etiquetas.txt
dataset_grupo_8_reescalado\esp\esp_0335.png,0,dataset_grupo_8_reescalado,esp,dataset_grupo_8_reescalado\esp\etiquetas.txt
dataset_grupo_4_reescalado\esp\capture_20260422_202821_683689.jpg,1,dataset_grupo_4_reescalado,esp,dataset_grupo_4_reescalado\esp\etiquetas.txt
dataset_grupo_4_reescalado\esp\capture_20260422_202311_118718.jpg,1,dataset_grupo_4_reescalado,esp,dataset_grupo_4_reescalado\esp\etiquetas.txt
dataset_grupo_8_reescalado\esp\esp_0308.png,1,dataset_grupo_8_reescalado,esp,dataset_grupo_8_reescalado\esp\etiquetas.txt
dataset_grupo_8_reescalado\esp\esp_0304.png,1,dataset_grupo_8_reescalado,esp,dataset_grupo_8_reescalado\esp\etiquetas.txt
dataset_grupo_4_reescalado\esp\capture_20260422_202325_530099.jpg,1,dataset_grupo_4_reescalado,esp,dataset_grupo_4_reescalado\esp\etiquetas.txt
dataset_grupo_99_reescalado\esp\esp_0182.png,0,dataset_grupo_99_reescalado,esp,dataset_grupo_99_reescalado\esp\etiquetas.txt
dataset_grupo_8_reescalado\esp\esp_0006.png,0,dataset_grupo_8_reescalado,esp,dataset_grupo_8_reescalado\esp\etiquetas.txt
dataset_grupo_3_reescalado\esp\esp_060.jpg,1,dataset_grupo_3_reescalado,esp,dataset_grupo_3_reescalado\esp\etiquetas.txt
dataset_grupo_8_reescalado\esp\esp_0593.png,0,dataset_grupo_8_reescalado,esp,dataset_grupo_8_reescalado\esp\etiquetas.txt
dataset_grupo_8_reescalado\esp\esp_0064.png,0,dataset_grupo_8_reescalado,esp,dataset_grupo_8_reescalado\esp\etiquetas.txt
dataset_grupo_6_reescalado\esp\esp_32_130.jpg,1,dataset_grupo_6_reescalado,esp,dataset_grupo_6_reescalado\esp\etiquetas.txt
dataset_grupo_99_reescalado\esp\esp_0071.png,0,dataset_grupo_99_reescalado,esp,dataset_grupo_99_reescalado\esp\etiquetas.txt
dataset_grupo_8_reescalado\esp\esp_0461.png,1,dataset_grupo_8_reescalado,esp,dataset_grupo_8_reescalado\esp\etiquetas.txt
dataset_grupo_4_reescalado\esp\capture_20260422_202332_419996.jpg,0,dataset_grupo_4_reescalado,esp,dataset_grupo_4_reescalado\esp\etiquetas.txt
dataset_grupo_4_reescalado\esp\capture_20260422_202833_458784.jpg,1,dataset_grupo_4_reescalado,esp,dataset_grupo_4_reescalado\esp\etiquetas.txt
dataset_grupo_4_reescalado\esp\capture_20260422_203012_402798.jpg,0,dataset_grupo_4_reescalado,esp,dataset_grupo_4_reescalado\esp\etiquetas.txt
dataset_grupo_8_reescalado\esp\esp_0569.png,1,dataset_grupo_8_reescalado,esp,dataset_grupo_8_reescalado\esp\etiquetas.txt
dataset_grupo_4_reescalado\esp\capture_20260422_202925_319582.jpg,1,dataset_grupo_4_reescalado,esp,dataset_grupo_4_reescalado\esp\etiquetas.txt
dataset_grupo_4_reescalado\esp\capture_20260422_200717_135158.jpg,0,dataset_grupo_4_reescalado,esp,dataset_grupo_4_reescalado\esp\etiquetas.txt
dataset_grupo_6_reescalado\esp\esp_32_111.jpg,1,dataset_grupo_6_reescalado,esp,dataset_grupo_6_reescalado\esp\etiquetas.txt
dataset_grupo_99_reescalado\esp\esp_0097.png,0,dataset_grupo_99_reescalado,esp,dataset_grupo_99_reescalado\esp\etiquetas.txt
dataset_grupo_4_reescalado\esp\capture_20260422_202808_634221.jpg,1,dataset_grupo_4_reescalado,esp,dataset_grupo_4_reescalado\esp\etiquetas.txt
dataset_grupo_6_reescalado\esp\esp_32_193.jpg,0,dataset_grupo_6_reescalado,esp,dataset_grupo_6_reescalado\esp\etiquetas.txt
dataset_grupo_4_reescalado\esp\capture_20260422_202300_056264.jpg,0,dataset_grupo_4_reescalado,esp,dataset_grupo_4_reescalado\esp\etiquetas.txt
dataset_grupo_4_reescalado\esp\capture_20260422_195853_329511.jpg,0,dataset_grupo_4_reescalado,esp,dataset_grupo_4_reescalado\esp\etiquetas.txt
dataset_grupo_4_reescalado\esp\capture_20260422_202919_078052.jpg,1,dataset_grupo_4_reescalado,esp,dataset_grupo_4_reescalado\esp\etiquetas.txt
dataset_grupo_8_reescalado\esp\esp_0022.png,0,dataset_grupo_8_reescalado,esp,dataset_grupo_8_reescalado\esp\etiquetas.txt
dataset_grupo_4_reescalado\esp\capture_20260422_201152_929435.jpg,1,dataset_grupo_4_reescalado,esp,dataset_grupo_4_reescalado\esp\etiquetas.txt
dataset_grupo_6_reescalado\esp\esp_32_197.jpg,0,dataset_grupo_6_reescalado,esp,dataset_grupo_6_reescalado\esp\etiquetas.txt
dataset_grupo_8_reescalado\esp\esp_0154.png,0,dataset_grupo_8_reescalado,esp,dataset_grupo_8_reescalado\esp\etiquetas.txt
dataset_grupo_6_reescalado\esp\esp_32_132.jpg,1,dataset_grupo_6_reescalado,esp,dataset_grupo_6_reescalado\esp\etiquetas.txt
dataset_grupo_3_reescalado\esp\esp_002.jpg,1,dataset_grupo_3_reescalado,esp,dataset_grupo_3_reescalado\esp\etiquetas.txt
dataset_grupo_99_reescalado\esp\esp_0200.png,0,dataset_grupo_99_reescalado,esp,dataset_grupo_99_reescalado\esp\etiquetas.txt
dataset_grupo_8_reescalado\esp\esp_0558.png,1,dataset_grupo_8_reescalado,esp,dataset_grupo_8_reescalado\esp\etiquetas.txt
dataset_grupo_8_reescalado\esp\esp_0180.png,0,dataset_grupo_8_reescalado,esp,dataset_grupo_8_reescalado\esp\etiquetas.txt
dataset_grupo_6_reescalado\esp\esp_32_205.jpg,0,dataset_grupo_6_reescalado,esp,dataset_grupo_6_reescalado\esp\etiquetas.txt
dataset_grupo_3_reescalado\esp\esp_007.jpg,1,dataset_grupo_3_reescalado,esp,dataset_grupo_3_reescalado\esp\etiquetas.txt
dataset_grupo_3_reescalado\esp\esp_113.jpg,1,dataset_grupo_3_reescalado,esp,dataset_grupo_3_reescalado\esp\etiquetas.txt
dataset_grupo_4_reescalado\esp\capture_20260422_202834_521252.jpg,1,dataset_grupo_4_reescalado,esp,dataset_grupo_4_reescalado\esp\etiquetas.txt
dataset_grupo_99_reescalado\esp\esp_0154.png,0,dataset_grupo_99_reescalado,esp,dataset_grupo_99_reescalado\esp\etiquetas.txt
dataset_grupo_3_reescalado\esp\esp_076.jpg,1,dataset_grupo_3_reescalado,esp,dataset_grupo_3_reescalado\esp\etiquetas.txt
dataset_grupo_8_reescalado\esp\esp_0218.png,0,dataset_grupo_8_reescalado,esp,dataset_grupo_8_reescalado\esp\etiquetas.txt
dataset_grupo_3_reescalado\esp\esp_081.jpg,1,dataset_grupo_3_reescalado,esp,dataset_grupo_3_reescalado\esp\etiquetas.txt
dataset_grupo_6_reescalado\esp\esp_32_176.jpg,0,dataset_grupo_6_reescalado,esp,dataset_grupo_6_reescalado\esp\etiquetas.txt
dataset_grupo_8_reescalado\esp\esp_0338.png,0,dataset_grupo_8_reescalado,esp,dataset_grupo_8_reescalado\esp\etiquetas.txt
dataset_grupo_8_reescalado\esp\esp_0539.png,1,dataset_grupo_8_reescalado,esp,dataset_grupo_8_reescalado\esp\etiquetas.txt
dataset_grupo_4_reescalado\esp\capture_20260422_202909_460542.jpg,1,dataset_grupo_4_reescalado,esp,dataset_grupo_4_reescalado\esp\etiquetas.txt
dataset_grupo_6_reescalado\esp\esp_32_74.jpg,1,dataset_grupo_6_reescalado,esp,dataset_grupo_6_reescalado\esp\etiquetas.txt
dataset_grupo_3_reescalado\esp\esp_001.jpg,1,dataset_grupo_3_reescalado,esp,dataset_grupo_3_reescalado\esp\etiquetas.txt
dataset_grupo_3_reescalado\esp\esp_064.jpg,1,dataset_grupo_3_reescalado,esp,dataset_grupo_3_reescalado\esp\etiquetas.txt
dataset_grupo_8_reescalado\esp\esp_0159.png,0,dataset_grupo_8_reescalado,esp,dataset_grupo_8_reescalado\esp\etiquetas.txt
dataset_grupo_99_reescalado\esp\esp_0230.png,0,dataset_grupo_99_reescalado,esp,dataset_grupo_99_reescalado\esp\etiquetas.txt
dataset_grupo_99_reescalado\esp\esp_0016.png,0,dataset_grupo_99_reescalado,esp,dataset_grupo_99_reescalado\esp\etiquetas.txt
dataset_grupo_3_reescalado\esp\esp_034.jpg,1,dataset_grupo_3_reescalado,esp,dataset_grupo_3_reescalado\esp\etiquetas.txt
dataset_grupo_8_reescalado\esp\esp_0475.png,0,dataset_grupo_8_reescalado,esp,dataset_grupo_8_reescalado\esp\etiquetas.txt
dataset_grupo_99_reescalado\esp\esp_0254.png,0,dataset_grupo_99_reescalado,esp,dataset_grupo_99_reescalado\esp\etiquetas.txt
dataset_grupo_8_reescalado\esp\esp_0037.png,0,dataset_grupo_8_reescalado,esp,dataset_grupo_8_reescalado\esp\etiquetas.txt
dataset_grupo_8_reescalado\esp\esp_0554.png,1,dataset_grupo_8_reescalado,esp,dataset_grupo_8_reescalado\esp\etiquetas.txt
dataset_grupo_6_reescalado\esp\esp_32_196.jpg,0,dataset_grupo_6_reescalado,esp,dataset_grupo_6_reescalado\esp\etiquetas.txt
dataset_grupo_4_reescalado\esp\capture_20260422_202819_809809.jpg,0,dataset_grupo_4_reescalado,esp,dataset_grupo_4_reescalado\esp\etiquetas.txt
dataset_grupo_6_reescalado\esp\esp_32_76.jpg,1,dataset_grupo_6_reescalado,esp,dataset_grupo_6_reescalado\esp\etiquetas.txt
dataset_grupo_3_reescalado\esp\esp_069.jpg,1,dataset_grupo_3_reescalado,esp,dataset_grupo_3_reescalado\esp\etiquetas.txt
dataset_grupo_8_reescalado\esp\esp_0005.png,0,dataset_grupo_8_reescalado,esp,dataset_grupo_8_reescalado\esp\etiquetas.txt
dataset_grupo_8_reescalado\esp\esp_0398.png,1,dataset_grupo_8_reescalado,esp,dataset_grupo_8_reescalado\esp\etiquetas.txt
dataset_grupo_99_reescalado\esp\esp_0099.png,0,dataset_grupo_99_reescalado,esp,dataset_grupo_99_reescalado\esp\etiquetas.txt
dataset_grupo_4_reescalado\esp\capture_20260422_202816_241102.jpg,1,dataset_grupo_4_reescalado,esp,dataset_grupo_4_reescalado\esp\etiquetas.txt
dataset_grupo_8_reescalado\esp\esp_0364.png,0,dataset_grupo_8_reescalado,esp,dataset_grupo_8_reescalado\esp\etiquetas.txt
dataset_grupo_8_reescalado\esp\esp_0582.png,0,dataset_grupo_8_reescalado,esp,dataset_grupo_8_reescalado\esp\etiquetas.txt
dataset_grupo_4_reescalado\esp\capture_20260422_202801_632198.jpg,1,dataset_grupo_4_reescalado,esp,dataset_grupo_4_reescalado\esp\etiquetas.txt
dataset_grupo_8_reescalado\esp\esp_0254.png,0,dataset_grupo_8_reescalado,esp,dataset_grupo_8_reescalado\esp\etiquetas.txt
dataset_grupo_8_reescalado\esp\esp_0528.png,1,dataset_grupo_8_reescalado,esp,dataset_grupo_8_reescalado\esp\etiquetas.txt
dataset_grupo_8_reescalado\esp\esp_0409.png,1,dataset_grupo_8_reescalado,esp,dataset_grupo_8_reescalado\esp\etiquetas.txt
dataset_grupo_3_reescalado\esp\esp_102.jpg,1,dataset_grupo_3_reescalado,esp,dataset_grupo_3_reescalado\esp\etiquetas.txt
dataset_grupo_4_reescalado\esp\capture_20260422_202952_751644.jpg,1,dataset_grupo_4_reescalado,esp,dataset_grupo_4_reescalado\esp\etiquetas.txt
dataset_grupo_99_reescalado\esp\esp_0064.png,0,dataset_grupo_99_reescalado,esp,dataset_grupo_99_reescalado\esp\etiquetas.txt
dataset_grupo_3_reescalado\esp\esp_085.jpg,1,dataset_grupo_3_reescalado,esp,dataset_grupo_3_reescalado\esp\etiquetas.txt
dataset_grupo_99_reescalado\esp\esp_0006.png,0,dataset_grupo_99_reescalado,esp,dataset_grupo_99_reescalado\esp\etiquetas.txt
dataset_grupo_8_reescalado\esp\esp_0050.png,0,dataset_grupo_8_reescalado,esp,dataset_grupo_8_reescalado\esp\etiquetas.txt
dataset_grupo_8_reescalado\esp\esp_0157.png,0,dataset_grupo_8_reescalado,esp,dataset_grupo_8_reescalado\esp\etiquetas.txt
dataset_grupo_99_reescalado\esp\esp_0172.png,0,dataset_grupo_99_reescalado,esp,dataset_grupo_99_reescalado\esp\etiquetas.txt
dataset_grupo_4_reescalado\esp\capture_20260422_202801_319496.jpg,1,dataset_grupo_4_reescalado,esp,dataset_grupo_4_reescalado\esp\etiquetas.txt
dataset_grupo_8_reescalado\esp\esp_0408.png,0,dataset_grupo_8_reescalado,esp,dataset_grupo_8_reescalado\esp\etiquetas.txt
dataset_grupo_4_reescalado\esp\capture_20260422_202924_707526.jpg,1,dataset_grupo_4_reescalado,esp,dataset_grupo_4_reescalado\esp\etiquetas.txt
dataset_grupo_4_reescalado\esp\capture_20260422_202314_744547.jpg,1,dataset_grupo_4_reescalado,esp,dataset_grupo_4_reescalado\esp\etiquetas.txt
dataset_grupo_6_reescalado\esp\esp_32_142.jpg,1,dataset_grupo_6_reescalado,esp,dataset_grupo_6_reescalado\esp\etiquetas.txt
dataset_grupo_4_reescalado\esp\capture_20260422_202326_762136.jpg,1,dataset_grupo_4_reescalado,esp,dataset_grupo_4_reescalado\esp\etiquetas.txt
dataset_grupo_3_reescalado\esp\esp_072.jpg,1,dataset_grupo_3_reescalado,esp,dataset_grupo_3_reescalado\esp\etiquetas.txt
dataset_grupo_8_reescalado\esp\esp_0181.png,0,dataset_grupo_8_reescalado,esp,dataset_grupo_8_reescalado\esp\etiquetas.txt
dataset_grupo_8_reescalado\esp\esp_0280.png,0,dataset_grupo_8_reescalado,esp,dataset_grupo_8_reescalado\esp\etiquetas.txt
dataset_grupo_4_reescalado\esp\capture_20260422_202315_275094.jpg,1,dataset_grupo_4_reescalado,esp,dataset_grupo_4_reescalado\esp\etiquetas.txt
dataset_grupo_4_reescalado\esp\capture_20260422_202831_584392.jpg,1,dataset_grupo_4_reescalado,esp,dataset_grupo_4_reescalado\esp\etiquetas.txt
dataset_grupo_99_reescalado\esp\esp_0234.png,0,dataset_grupo_99_reescalado,esp,dataset_grupo_99_reescalado\esp\etiquetas.txt
dataset_grupo_4_reescalado\esp\capture_20260422_202318_754748.jpg,0,dataset_grupo_4_reescalado,esp,dataset_grupo_4_reescalado\esp\etiquetas.txt
dataset_grupo_6_reescalado\esp\esp_32_6.jpg,1,dataset_grupo_6_reescalado,esp,dataset_grupo_6_reescalado\esp\etiquetas.txt
dataset_grupo_99_reescalado\esp\esp_0010.png,0,dataset_grupo_99_reescalado,esp,dataset_grupo_99_reescalado\esp\etiquetas.txt
dataset_grupo_8_reescalado\esp\esp_0094.png,0,dataset_grupo_8_reescalado,esp,dataset_grupo_8_reescalado\esp\etiquetas.txt
dataset_grupo_8_reescalado\esp\esp_0134.png,0,dataset_grupo_8_reescalado,esp,dataset_grupo_8_reescalado\esp\etiquetas.txt
dataset_grupo_8_reescalado\esp\esp_0323.png,1,dataset_grupo_8_reescalado,esp,dataset_grupo_8_reescalado\esp\etiquetas.txt
dataset_grupo_99_reescalado\esp\esp_0134.png,0,dataset_grupo_99_reescalado,esp,dataset_grupo_99_reescalado\esp\etiquetas.txt
dataset_grupo_8_reescalado\esp\esp_0270.png,1,dataset_grupo_8_reescalado,esp,dataset_grupo_8_reescalado\esp\etiquetas.txt
dataset_grupo_99_reescalado\esp\esp_0073.png,0,dataset_grupo_99_reescalado,esp,dataset_grupo_99_reescalado\esp\etiquetas.txt
dataset_grupo_4_reescalado\esp\capture_20260422_200805_088052.jpg,0,dataset_grupo_4_reescalado,esp,dataset_grupo_4_reescalado\esp\etiquetas.txt
dataset_grupo_8_reescalado\esp\esp_0082.png,0,dataset_grupo_8_reescalado,esp,dataset_grupo_8_reescalado\esp\etiquetas.txt
dataset_grupo_8_reescalado\esp\esp_0452.png,1,dataset_grupo_8_reescalado,esp,dataset_grupo_8_reescalado\esp\etiquetas.txt
dataset_grupo_4_reescalado\esp\capture_20260422_201203_952254.jpg,1,dataset_grupo_4_reescalado,esp,dataset_grupo_4_reescalado\esp\etiquetas.txt
dataset_grupo_8_reescalado\esp\esp_0166.png,0,dataset_grupo_8_reescalado,esp,dataset_grupo_8_reescalado\esp\etiquetas.txt
dataset_grupo_99_reescalado\esp\esp_0209.png,0,dataset_grupo_99_reescalado,esp,dataset_grupo_99_reescalado\esp\etiquetas.txt
dataset_grupo_8_reescalado\esp\esp_0089.png,0,dataset_grupo_8_reescalado,esp,dataset_grupo_8_reescalado\esp\etiquetas.txt
dataset_grupo_4_reescalado\esp\capture_20260422_202757_733244.jpg,1,dataset_grupo_4_reescalado,esp,dataset_grupo_4_reescalado\esp\etiquetas.txt
dataset_grupo_4_reescalado\esp\capture_20260422_202755_263077.jpg,1,dataset_grupo_4_reescalado,esp,dataset_grupo_4_reescalado\esp\etiquetas.txt
dataset_grupo_8_reescalado\esp\esp_0108.png,0,dataset_grupo_8_reescalado,esp,dataset_grupo_8_reescalado\esp\etiquetas.txt
dataset_grupo_4_reescalado\esp\capture_20260422_195954_719886.jpg,1,dataset_grupo_4_reescalado,esp,dataset_grupo_4_reescalado\esp\etiquetas.txt
dataset_grupo_8_reescalado\esp\esp_0529.png,1,dataset_grupo_8_reescalado,esp,dataset_grupo_8_reescalado\esp\etiquetas.txt
dataset_grupo_6_reescalado\esp\esp_32_58.jpg,1,dataset_grupo_6_reescalado,esp,dataset_grupo_6_reescalado\esp\etiquetas.txt
dataset_grupo_99_reescalado\esp\esp_0140.png,0,dataset_grupo_99_reescalado,esp,dataset_grupo_99_reescalado\esp\etiquetas.txt
dataset_grupo_3_reescalado\esp\esp_049.jpg,1,dataset_grupo_3_reescalado,esp,dataset_grupo_3_reescalado\esp\etiquetas.txt
dataset_grupo_4_reescalado\esp\capture_20260422_202305_277257.jpg,0,dataset_grupo_4_reescalado,esp,dataset_grupo_4_reescalado\esp\etiquetas.txt
dataset_grupo_4_reescalado\esp\capture_20260422_202828_833369.jpg,1,dataset_grupo_4_reescalado,esp,dataset_grupo_4_reescalado\esp\etiquetas.txt
dataset_grupo_99_reescalado\esp\esp_0267.png,0,dataset_grupo_99_reescalado,esp,dataset_grupo_99_reescalado\esp\etiquetas.txt
dataset_grupo_4_reescalado\esp\capture_20260422_202323_153585.jpg,1,dataset_grupo_4_reescalado,esp,dataset_grupo_4_reescalado\esp\etiquetas.txt
dataset_grupo_99_reescalado\esp\esp_0003.png,0,dataset_grupo_99_reescalado,esp,dataset_grupo_99_reescalado\esp\etiquetas.txt
dataset_grupo_6_reescalado\esp\esp_32_8.jpg,0,dataset_grupo_6_reescalado,esp,dataset_grupo_6_reescalado\esp\etiquetas.txt
dataset_grupo_8_reescalado\esp\esp_0177.png,0,dataset_grupo_8_reescalado,esp,dataset_grupo_8_reescalado\esp\etiquetas.txt
dataset_grupo_8_reescalado\esp\esp_0269.png,1,dataset_grupo_8_reescalado,esp,dataset_grupo_8_reescalado\esp\etiquetas.txt
dataset_grupo_4_reescalado\esp\capture_20260422_202331_869845.jpg,0,dataset_grupo_4_reescalado,esp,dataset_grupo_4_reescalado\esp\etiquetas.txt
dataset_grupo_99_reescalado\esp\esp_0083.png,0,dataset_grupo_99_reescalado,esp,dataset_grupo_99_reescalado\esp\etiquetas.txt
dataset_grupo_8_reescalado\esp\esp_0425.png,1,dataset_grupo_8_reescalado,esp,dataset_grupo_8_reescalado\esp\etiquetas.txt
dataset_grupo_4_reescalado\esp\capture_20260422_203018_543065.jpg,0,dataset_grupo_4_reescalado,esp,dataset_grupo_4_reescalado\esp\etiquetas.txt
dataset_grupo_99_reescalado\esp\esp_0108.png,0,dataset_grupo_99_reescalado,esp,dataset_grupo_99_reescalado\esp\etiquetas.txt
dataset_grupo_4_reescalado\esp\capture_20260422_200706_373461.jpg,0,dataset_grupo_4_reescalado,esp,dataset_grupo_4_reescalado\esp\etiquetas.txt
dataset_grupo_6_reescalado\esp\esp_32_167.jpg,0,dataset_grupo_6_reescalado,esp,dataset_grupo_6_reescalado\esp\etiquetas.txt
dataset_grupo_8_reescalado\esp\esp_0390.png,1,dataset_grupo_8_reescalado,esp,dataset_grupo_8_reescalado\esp\etiquetas.txt
dataset_grupo_8_reescalado\esp\esp_0361.png,1,dataset_grupo_8_reescalado,esp,dataset_grupo_8_reescalado\esp\etiquetas.txt
dataset_grupo_4_reescalado\esp\capture_20260422_202310_816084.jpg,1,dataset_grupo_4_reescalado,esp,dataset_grupo_4_reescalado\esp\etiquetas.txt
dataset_grupo_99_reescalado\esp\esp_0032.png,0,dataset_grupo_99_reescalado,esp,dataset_grupo_99_reescalado\esp\etiquetas.txt
dataset_grupo_3_reescalado\esp\esp_040.jpg,1,dataset_grupo_3_reescalado,esp,dataset_grupo_3_reescalado\esp\etiquetas.txt
dataset_grupo_4_reescalado\esp\capture_20260422_202253_267440.jpg,0,dataset_grupo_4_reescalado,esp,dataset_grupo_4_reescalado\esp\etiquetas.txt
dataset_grupo_8_reescalado\esp\esp_0294.png,1,dataset_grupo_8_reescalado,esp,dataset_grupo_8_reescalado\esp\etiquetas.txt
dataset_grupo_8_reescalado\esp\esp_0239.png,0,dataset_grupo_8_reescalado,esp,dataset_grupo_8_reescalado\esp\etiquetas.txt
dataset_grupo_8_reescalado\esp\esp_0354.png,1,dataset_grupo_8_reescalado,esp,dataset_grupo_8_reescalado\esp\etiquetas.txt
dataset_grupo_4_reescalado\esp\capture_20260422_202310_529806.jpg,1,dataset_grupo_4_reescalado,esp,dataset_grupo_4_reescalado\esp\etiquetas.txt
dataset_grupo_99_reescalado\esp\esp_0181.png,0,dataset_grupo_99_reescalado,esp,dataset_grupo_99_reescalado\esp\etiquetas.txt
dataset_grupo_8_reescalado\esp\esp_0297.png,0,dataset_grupo_8_reescalado,esp,dataset_grupo_8_reescalado\esp\etiquetas.txt
dataset_grupo_99_reescalado\esp\esp_0004.png,0,dataset_grupo_99_reescalado,esp,dataset_grupo_99_reescalado\esp\etiquetas.txt
dataset_grupo_6_reescalado\esp\esp_32_3.jpg,1,dataset_grupo_6_reescalado,esp,dataset_grupo_6_reescalado\esp\etiquetas.txt
dataset_grupo_8_reescalado\esp\esp_0093.png,0,dataset_grupo_8_reescalado,esp,dataset_grupo_8_reescalado\esp\etiquetas.txt
dataset_grupo_3_reescalado\esp\esp_099.jpg,1,dataset_grupo_3_reescalado,esp,dataset_grupo_3_reescalado\esp\etiquetas.txt
dataset_grupo_99_reescalado\esp\esp_0133.png,0,dataset_grupo_99_reescalado,esp,dataset_grupo_99_reescalado\esp\etiquetas.txt
dataset_grupo_6_reescalado\esp\esp_32_141.jpg,0,dataset_grupo_6_reescalado,esp,dataset_grupo_6_reescalado\esp\etiquetas.txt
dataset_grupo_99_reescalado\esp\esp_0224.png,0,dataset_grupo_99_reescalado,esp,dataset_grupo_99_reescalado\esp\etiquetas.txt
dataset_grupo_4_reescalado\esp\capture_20260422_202247_902594.jpg,0,dataset_grupo_4_reescalado,esp,dataset_grupo_4_reescalado\esp\etiquetas.txt
dataset_grupo_3_reescalado\esp\esp_068.jpg,1,dataset_grupo_3_reescalado,esp,dataset_grupo_3_reescalado\esp\etiquetas.txt
dataset_grupo_3_reescalado\esp\esp_022.jpg,1,dataset_grupo_3_reescalado,esp,dataset_grupo_3_reescalado\esp\etiquetas.txt
dataset_grupo_4_reescalado\esp\capture_20260422_202243_121044.jpg,1,dataset_grupo_4_reescalado,esp,dataset_grupo_4_reescalado\esp\etiquetas.txt
dataset_grupo_99_reescalado\esp\esp_0046.png,0,dataset_grupo_99_reescalado,esp,dataset_grupo_99_reescalado\esp\etiquetas.txt
dataset_grupo_4_reescalado\esp\capture_20260422_202820_153083.jpg,1,dataset_grupo_4_reescalado,esp,dataset_grupo_4_reescalado\esp\etiquetas.txt
dataset_grupo_6_reescalado\esp\esp_32_75.jpg,1,dataset_grupo_6_reescalado,esp,dataset_grupo_6_reescalado\esp\etiquetas.txt
dataset_grupo_99_reescalado\esp\esp_0058.png,0,dataset_grupo_99_reescalado,esp,dataset_grupo_99_reescalado\esp\etiquetas.txt
dataset_grupo_6_reescalado\esp\esp_32_207.jpg,0,dataset_grupo_6_reescalado,esp,dataset_grupo_6_reescalado\esp\etiquetas.txt
dataset_grupo_99_reescalado\esp\esp_0086.png,0,dataset_grupo_99_reescalado,esp,dataset_grupo_99_reescalado\esp\etiquetas.txt
dataset_grupo_3_reescalado\esp\esp_054.jpg,1,dataset_grupo_3_reescalado,esp,dataset_grupo_3_reescalado\esp\etiquetas.txt
dataset_grupo_8_reescalado\esp\esp_0017.png,0,dataset_grupo_8_reescalado,esp,dataset_grupo_8_reescalado\esp\etiquetas.txt
dataset_grupo_8_reescalado\esp\esp_0152.png,0,dataset_grupo_8_reescalado,esp,dataset_grupo_8_reescalado\esp\etiquetas.txt
dataset_grupo_3_reescalado\esp\esp_100.jpg,1,dataset_grupo_3_reescalado,esp,dataset_grupo_3_reescalado\esp\etiquetas.txt
dataset_grupo_4_reescalado\esp\capture_20260422_202241_838597.jpg,1,dataset_grupo_4_reescalado,esp,dataset_grupo_4_reescalado\esp\etiquetas.txt
dataset_grupo_99_reescalado\esp\esp_0244.png,0,dataset_grupo_99_reescalado,esp,dataset_grupo_99_reescalado\esp\etiquetas.txt
dataset_grupo_8_reescalado\esp\esp_0104.png,0,dataset_grupo_8_reescalado,esp,dataset_grupo_8_reescalado\esp\etiquetas.txt
dataset_grupo_8_reescalado\esp\esp_0245.png,0,dataset_grupo_8_reescalado,esp,dataset_grupo_8_reescalado\esp\etiquetas.txt
dataset_grupo_3_reescalado\esp\esp_014.jpg,1,dataset_grupo_3_reescalado,esp,dataset_grupo_3_reescalado\esp\etiquetas.txt
dataset_grupo_99_reescalado\esp\esp_0270.png,0,dataset_grupo_99_reescalado,esp,dataset_grupo_99_reescalado\esp\etiquetas.txt
dataset_grupo_8_reescalado\esp\esp_0562.png,1,dataset_grupo_8_reescalado,esp,dataset_grupo_8_reescalado\esp\etiquetas.txt
dataset_grupo_99_reescalado\esp\esp_0203.png,0,dataset_grupo_99_reescalado,esp,dataset_grupo_99_reescalado\esp\etiquetas.txt
